Mixture,B_cells,CD4T_memory,CD8T_B,CD8T_G,Dendritic_cells,Monocytes_Macrophages,NK1,NK2,NK3,Plasma_cells,Tregs,P-value,Correlation,RMSE
TCGA.D3.A8GB.06A,0.0622155009856722,0,0.0116246611033,0.0515363504499724,0.0508106204550773,0.123512481935941,0.0318967065347156,0.159798507377047,0.082465242738499,0.332222562755085,0.0939173656646912,0,0.440761724747675,0.90031620314737
TCGA.WE.A8ZN.06A,0,0,0.230147776614352,0,0.108064867039188,0.180960669129577,0.0619900123242978,0.0937538814396214,0,0.251968881693177,0.0731139117597865,0,0.34525953189169,0.949449988584409
TCGA.ER.A2NF.01A,0,0,0.0675663497229574,0.0889823918360226,0.0577524162228974,0.135119506660937,0.0211223548109525,0.0463361386882774,0.00107276258177593,0.522524704152587,0.059523375323593,0,0.501171806159773,0.870161496723349
TCGA.HR.A2OH.06A,0,0,0.191391476105243,0.125382233675754,0.0353010073200114,0.223777138594605,0,0,0.146068631776916,0.203448672939946,0.0746308395875241,0,0.392362261353352,0.929609977568982
TCGA.WE.A8K6.06A,0,0,0,0.0593316065252828,0.0593160878106937,0.315684814610493,0.0762895554046134,0.141497619888181,0,0.274021235322355,0.0738590804383815,0,0.323101146934618,0.962064101275481
TCGA.RP.A695.06A,0,0,0.042186922234854,0.10378346794301,0.0492490430016466,0.136666964734162,0.196518813012296,0.0342074587236988,0,0.414796314860107,0.0225910154902265,0,0.522382713267346,0.852291936602841
TCGA.D9.A3Z1.06A,0.00684911749537879,0,0.130105516117936,0.0891526193749083,0.0575978951078862,0.195182656853556,0.0980546310792004,0.081329899629247,0,0.314002162531908,0.0277255018099798,0,0.377334436799647,0.930742511871202
TCGA.GF.A6C8.06A,0,0,0.0158315337876706,0.0512630148177229,0.0881462116450864,0.159206530011795,0.290246199454151,0.077361618337626,0,0.272908626243914,0.0450362657020351,0,0.531116001390501,0.849615649030372
TCGA.D3.A1Q6.06A,0,0,0.00832831393354117,0.063832287348326,0.0267558378585216,0.186469736200995,0.238169307346029,0.0713830232538478,0,0.330111960756616,0.0749495333021234,0,0.372955783068733,0.934291568886174
TCGA.ER.A195.06A,0,0,0.196892193123152,0,0.0775916079573282,0.240670565652777,0.0169351124723196,0.166288604955353,0,0.203554684782481,0.0980672310565889,0,0.436317602224856,0.902206227846601
TCGA.ER.A2NG.06A,0,0,0.216532561608563,0.0715956436561697,0.0686065666762521,0.239991092427767,0,0.137828237345221,0.0202885870334504,0.204949184828006,0.0402081264245715,0,0.568140742799912,0.828338427914679
TCGA.EB.A4IQ.01A,0,0.0173958984455223,0.105329460544934,0,0.103539078404883,0.116155603471224,0.205773617878004,0.205185566189399,0,0.216977927507089,0.0296428475589449,0,0.0460600960200146,1.0905603941167
TCGA.EB.A3Y6.01A,0,0,0.105643776791422,0,0.115394828653813,0.1914878311353,0.181412875505283,0.15765741785333,0,0.168133055271441,0.0802702147894102,0,0.342130963513764,0.951530648444191
TCGA.FR.A726.01A,0,0,0.139102301354121,0,0.105861601162876,0.172878461823847,0.269696571947367,0.147544058658022,0,0.154469153615032,0.0104478514387344,0,0.310200618790604,0.980675573671002
TCGA.XV.AAZY.01A,0,0,0.182383059895312,0.0386792894934108,0.0911777759734578,0.164964925053658,0.0350372675483294,0.0611725791304372,0,0.307845618655215,0.11873948425018,0,0.429972619517701,0.902978383906785
TCGA.FS.A1ZS.06A,0,0,0,0.0604278678405386,0.0981848308564127,0.26570790266555,0.255255543267621,0.0933216920867827,0,0.202315788312963,0.0247863749701316,0,0.273752235953987,0.987268513282895
TCGA.ER.A2ND.06A,0,0,0.0742593897616773,0.0463403550616517,0.0649553402089525,0.170594868954465,0.203338129149743,0.070277316929872,0,0.330881475985114,0.039353123948524,0,0.44401379908903,0.896669171067205
TCGA.DA.A1I5.06A,0,0,0.0741915153361417,0.0681437712971732,0.0826211140789435,0.26993673148938,0.103674240454421,0.00745413676145354,0,0.283045956991967,0.11093253359052,0,0.419081798166141,0.911020208253182
TCGA.BF.AAP6.01A,0,0,0,0.113606598207276,0.106538028118948,0.138673593751954,0.438889469713386,0.00643205992863002,0,0.155779187316728,0.040081062963079,0,0.347491794799646,0.964125470550328
TCGA.EE.A180.06A,0,0,0.13525570490711,0.0406405446804637,0.108786578426128,0.173631494906981,0.253512854787928,0.106136989383465,0,0.131473164927664,0.0505626679802613,0,0.258735127695456,1.00748191454698
TCGA.EB.A5VV.06A,0.324624018215544,0.17284119530902,0.0751587256803137,0.0271136997453844,0.0549058479028004,0.0465967725092004,0,0,0.14575130678829,0.0884453660184503,0.0645630678309963,0,0.534013876901423,0.850965059171226
TCGA.BF.AAOU.01A,0,0,0.0348789519329165,0.0313862685534433,0.0282910435632056,0.10252923541793,0.142998000528493,0.0922879750706124,0,0.565244171462418,0.00238435347098126,0,0.484753718696731,0.881524875160949
TCGA.EB.A431.01A,0,0,0.049963255532265,0.0439868863995514,0.0738986250383906,0.0995131744118901,0.342249372555252,0.119376138239987,0,0.214880730096853,0.0561318177258112,0,0.374005675301767,0.942199682273072
TCGA.EB.A24D.01A,0,0,0.00465017697014728,0.0680002152824676,0.0443754666662611,0.0684127829288773,0.244120588183912,0.0530748613394341,0,0.493138045248601,0.0242278633803002,0,0.479366102591693,0.880778627572945
TCGA.RP.A690.06A,0,0,0,0.146191735223729,0.109982421633939,0.352729358349141,0.0303275348710041,0.122296173105501,0,0.13884506317278,0.0996277136439051,0,0.41415989609667,0.917182191375292
TCGA.FR.A7U8.06A,0,0,0,0.143561827298367,0.123924553629262,0.174243249422086,0.40173749359338,0,0,0.156532876056905,0,0,0.393993820802011,0.933984666925324
TCGA.ER.A19A.06A,0,0,0.0475507908260723,0.127902994073916,0.0635825403505795,0.385858101051275,0,0.0700178359990112,0.167790436709614,0.0426998843736543,0.0945974166158771,0,0.614711769378652,0.796886241337522
TCGA.DA.A1I0.06A,0.0164289652869658,0,0.00964140884141707,0.0579635304675431,0.0676913040730321,0.126034514208051,0.113733413754548,0.0680844959788,0,0.400476882437816,0.139945484951828,0,0.39860794717448,0.921248549668223
TCGA.EE.A2A2.06A,0.0472694265449798,0,0.0748054350609437,0.0285076696152569,0.0451555180284017,0.0992790525742983,0.365915560213312,0.0634199364334123,0,0.265260034019119,0.0103873675102768,0,0.373949696271418,0.943774492684488
TCGA.DA.A1HV.06A,0.0129198649898275,0,0.104351486431411,0.0867434987719393,0.050863164294883,0.233900988845709,0.0785077195904015,0,0.0184036128798447,0.370023740711976,0.0442859234840081,0,0.492313399895008,0.869774631964553
TCGA.ER.A19D.06A,0,0,0.0279486722403605,0.0405235277415267,0.100546039826508,0.250470092616217,0.244155028763817,0.0525160683703692,0,0.239296439891674,0.0445441305495268,0,0.393742712658756,0.926885339148291
TCGA.EE.A29S.06A,0,0,0.0743062631643624,0.0496257687530517,0.0906197670291973,0.201869366669006,0.265708409388869,0.0469416395867598,0,0.244996946164435,0.0259318392443177,0,0.489666006917666,0.875863273718704
TCGA.W3.AA1V.06B,0,0,0.20847626680448,0,0.0872414840176029,0.193490098737421,0.17106534076925,0.185729065659144,0,0.153997744012103,0,0,0.463043995288532,0.894887015990949
TCGA.EE.A29N.06A,0.0554925451356002,0,0.0908819398648469,0.0534350070807161,0.0592965243837959,0.173861651456232,0.169307192850017,0.036728948448666,0,0.253841396749415,0.10715479403071,0,0.450053589420895,0.893270685681872
TCGA.D3.A51R.06A,0,0.0413472491277303,0.182682315432816,0,0.0798372120186991,0.0618362609716263,0.546057007712212,0,0,0.0882399547369172,0,0,0.399484014614972,1.00453551697823
TCGA.YG.AA3P.06A,0,0,0.0176452530496964,0.0912242733835184,0.0955154041198316,0.126950754927844,0.417917729795482,0.0338878327919354,0,0.205130563341304,0.0117281885903876,0,0.305130265961168,0.984045942295378
TCGA.D3.A2JG.06A,0,0,0.145418572759562,0,0.0740700532889079,0.132389450796682,0.0396278365322657,0.109079378663248,0,0.418547096916043,0.0808676110432915,0,0.451689727369762,0.892718323887916
TCGA.W3.A825.06A,0,0,0.170264552296778,0,0.0928060184767036,0.208399247506417,0.0263776098796649,0.158099377975704,0,0.242344618648111,0.101708575216621,0,0.455558992752756,0.890189266379029
TCGA.EE.A29V.06A,0,0,0.0659365963410463,0.0647574528233063,0.0857947581553614,0.118270565740831,0.294368911952211,0.042004572029031,0,0.306362929614993,0.0225042133432195,0,0.371636471423181,0.938583829963744
TCGA.ER.A19S.06A,0,0,0.110604764746653,0.180764673297954,0.0333376440312726,0.130036241447904,0,0,0.265528967500267,0.264063926538853,0.0156637824370954,0,0.286954971726981,0.988491345404459
TCGA.EE.A2GE.06A,0,0,0.0906949322598558,0.0852347472551398,0.0418800324402177,0.214784618975739,0,0,0.125162856700159,0.38063538403199,0.0616074283368983,0,0.39588574667825,0.922716090612
TCGA.EE.A2GD.06A,0,0,0.00856098041640758,0,0.0715802747032232,0.320004506050405,0,0.151014989591879,0,0.358159985583317,0.0906792636547685,0,0.454352372748839,0.893481742469969
TCGA.BF.A3DJ.01A,0,0,0.0267249420875828,0,0.0580671992085279,0.326193242134299,0.122344050387872,0.123623052241547,0,0.305026727633711,0.0380207863064617,0,0.441453715791465,0.901287850391724
TCGA.Z2.AA3V.06A,0.0251011219739114,0,0.0331872488513633,0.0583753305297656,0.0680033169447599,0.261507003940875,0.0168914449532276,0.123350549790741,0.0374577589255885,0.249638615779474,0.126487608310294,0,0.42177347005995,0.906778637028548
TCGA.DA.A1IB.06A,0.170828521613334,0.0295555688021841,0.0664681334479765,0.0753469899578005,0.0648739399448183,0.153802386621335,0,0,0.092572127673302,0.263734679070971,0.0828176528682781,0,0.419591387874592,0.907853370873779
TCGA.D3.A2J7.06A,0,0.013935792747675,0.0735144723953774,0.0449456234636913,0.0512252988656122,0.131150300991304,0.0773403465156965,0.0121821008228063,0,0.554279978832983,0.0414260853648547,0,0.557323078061384,0.833071674962086
TCGA.W3.A824.06A,0,0,0.179368167542495,0.101130392659331,0.0845528741515784,0.197828105748112,0.0742523746635216,0.0780987993698052,0,0.244170017564101,0.040599268301056,0,0.559731180918543,0.833468971595409
TCGA.D3.A1Q8.06A,0,0.0074651139064728,0.107557081338557,0,0.0793576385229168,0.210388059200369,0,0.137565305022085,0,0.343012574256389,0.114654227753211,0,0.402248027028607,0.917002109494341
TCGA.EE.A2M8.06A,0.0302520406980529,0,0.084242241805056,0.170156727629063,0.0358334966890066,0.200657967519986,0,0,0.279794528371106,0.12367491413478,0.0753880831529488,0,0.355549750889212,0.951295653845268
TCGA.GN.A26C.01A,0,0,0.0983999850243972,0.158786110240031,0.0525762143599902,0.269205358257149,0.0391624022189474,0,0.0309740349940882,0.311206421688202,0.0396894732171938,0,0.390401441484813,0.925749061107631
TCGA.EE.A2MR.06A,0.14756411075484,0.124640505498282,0.0659087179223718,0.0492276557561952,0.0760433262862071,0.219435983707534,0.0546711905166837,0,0.0184840797441054,0.137805153150658,0.106219276663122,0,0.513311865862037,0.862767267497328
TCGA.D3.A3C7.06A,0,0,0.00876976551000393,0.114124614390434,0.0483034371085023,0.266825087350667,0.059795824783093,0.0548877493545452,0.0106292412373387,0.354947478835789,0.0817168014296267,0,0.424081088070911,0.907479470409995
TCGA.EE.A29C.06A,0,0,0.0435791273967056,0.0193650999884086,0.0635085097405985,0.133959992720017,0.3284731622254,0.0665239424120977,0,0.309644423696011,0.0349457418207622,0,0.461155028101489,0.889949078391464
TCGA.ER.A3ES.06A,0,0,0.0659864243375214,0.070477486852076,0.116212704945566,0.11115264290699,0.338480098926662,0.0858093186789577,0,0.153323468851217,0.0585578545010098,0,0.238505160233602,1.01780463229861
TCGA.ER.A19N.06A,0,0.0199822258048685,0.148895884318676,0,0.0955115689804782,0.310444692576978,0,0.010957784596758,0.146547556172918,0.267660287549323,0,0,0.342128829575173,0.956433571665568
TCGA.FS.A1ZM.06A,0,0,0.109310922466098,0.0911520385683776,0.0651832372311768,0.333221297665727,0.0186096932765694,0.0741502506668025,0.0345327119702457,0.176148267456307,0.0976915806986965,0,0.556538696834642,0.835540314189049
TCGA.Z2.A8RT.06A,0,0,0.120807840530185,0.0502174461312521,0.0606656601769034,0.194363568098083,0.0939888817046029,0.0780275909726163,0,0.281745020880246,0.120183991506111,0,0.447177050045055,0.894447655464618
TCGA.FS.A1ZG.06A,0,0,0,0.00827040501331568,0.105494342654013,0.151260837321201,0.253616802235776,0.151976005596862,0,0.258768843150521,0.0706127640283123,0,0.30606637593868,0.963930383361161
TCGA.ER.A42H.01A,0,0,0.0888888242343203,0,0.136588662975075,0.144274448457688,0.234930587980445,0.184329588545441,0,0.158537039233123,0.0524508485739091,0,0.280545658830767,0.983037141574497
TCGA.D3.A51K.06A,0,0.0103118306380486,0.252694978896413,0,0.124878401753374,0.112140168756037,0.00690777557061334,0,0,0.457074011334474,0.0359928330510408,0,0.439060014326924,0.901985335243398
TCGA.D3.A3C1.06A,0.0296645594238673,0,0.00418665418573073,0.0732604429911867,0.0750634912410772,0.184454294335432,0,0.0899878492147506,0.0198347160724097,0.404654797030721,0.118893195504825,0,0.383840932992865,0.931410227954307
TCGA.WE.A8JZ.06A,0,0,0.0444855122213018,0.0897820278088093,0.054112760729256,0.130862046115089,0.252436237720365,0.0493746806760751,0,0.33421537469629,0.0447313600328135,0,0.467671581674459,0.883711296905285
TCGA.FS.A1YW.06A,0,0.00160541495835729,0.0224469939500561,0.0875838388477591,0.0852770100683473,0.169929041989317,0.0769875059116099,0.103301467098222,0,0.370132633206605,0.0827360939697261,0,0.424296275976914,0.90668324756254
TCGA.EE.A3AF.06A,0,0,0.0806043227001325,0,0.113683770929041,0.259607921558419,0.198851669826486,0.0761287375267655,0,0.223869992195166,0.0472535852639897,0,0.487994712535978,0.87794759803437
TCGA.DA.A95Z.06A,0,0,0.0569278397575762,0.112774218868372,0.101395558628755,0.172166899403489,0.330007312071266,0.0300357912084417,0,0.117500017959986,0.0791923621021147,0,0.392784950434484,0.937006032523408
TCGA.GF.A4EO.06A,0,0,0.0269176572156678,0.142439278393419,0.0397267903305569,0.146836342175661,0,0,0.22231325033705,0.414206772887441,0.00755990866020464,0,0.381025459362459,0.935424356785904
TCGA.EB.A4OZ.01A,0,0,0.0959203522294945,0.0889137700462502,0.096808087060995,0.14959529750075,0.0173398802022426,0.183451467959845,0,0.278569197668396,0.0894019473320261,0,0.253918304435047,0.98679868351272
TCGA.D3.A51N.06A,0,0,0.0370895892020879,0.00509590980765955,0.0389268880805119,0.179018547448339,0.0249310664119626,0.0970761401887814,0,0.513718137168105,0.104143721692552,0,0.575538595264763,0.822019552406797
TCGA.EB.A5UN.06A,0,0,0.0200476343954637,0.120598570919769,0.0758346055055951,0.164973184406024,0.182899309006861,0.104517379537594,0,0.252677905741475,0.0784514104872177,0,0.322545905161152,0.955738581890768
TCGA.EB.A551.01A,0,0,0.178143511056268,0,0.0434527072426473,0.192537079669843,0,0.0595677061454722,0.0954730820686579,0.359057688042307,0.0717682257748047,0,0.397516343690133,0.921496578997383
TCGA.EE.A2GL.06A,0.225104982368948,0.11832569433168,0.0219772302548235,0.0806061871101652,0.0966497388393673,0.0848841310052329,0.0522765888051146,0,0.0318576522701432,0.214181792039002,0.0741360029755228,0,0.594428212866051,0.824487291303147
TCGA.GN.A4U7.06A,0,0,0.0568728601306605,0.0663042244684501,0.0924504133650871,0.102450535220612,0.383050657715194,0.0269835908733519,0,0.218612637535179,0.0532750806914656,0,0.36364466029597,0.952762600727617
TCGA.EE.A2MF.06A,0,0,0.0463051278138476,0.083003239788673,0.0575019523763668,0.193005576204609,0.251273214543275,0.0248692533906893,0,0.289743939178486,0.0542976967040537,0,0.45048684857738,0.894800370871941
TCGA.FR.A3R1.01A,0,0,0.135943779203589,0.0303025000943972,0.0528675277083046,0.133746880518097,0.142715262420397,0.0815815137214589,0,0.393077721304031,0.0297648150297256,0,0.422391844898162,0.909103632220946
TCGA.WE.A8ZY.06A,0,0,0.0712593902782087,0.0535590906521416,0.0627982679525128,0.14613957971846,0.382651156038111,0.0507703496995442,0,0.227535437223061,0.00528672843796021,0,0.36400958074702,0.955263143348059
TCGA.XV.AAZW.01A,0,0,0.048459612185456,0.0474597752460119,0.106075690711841,0.140304319452096,0.364820642539861,0.101858353762535,0,0.150942641043726,0.0400789650584723,0,0.0810208467377614,1.09699964310745
TCGA.EB.A4XL.01A,0,0.0153287216713865,0.0952378035612706,0,0.0999046879334435,0.154554600631657,0.0971047877951349,0.140837335949349,0,0.347149630705109,0.0498824317526496,0,0.272933232329591,0.97977081429534
TCGA.W3.AA1O.06A,0,0,0.137676073014399,0,0.0875590030828618,0.135530933744607,0.330161519970986,0.112738134115569,0,0.156320866215262,0.0400134698563163,0,0.375129441114368,0.953400965943301
TCGA.GN.A4U5.01A,0,0,0.0930873505334999,0.155188166659024,0.0889769097247122,0.229169286720553,0.0445182554026141,0.0690677239561987,0.0945465031181157,0.0834299110280837,0.142015892857199,0,0.25398363400607,1.00184309923746
TCGA.EE.A2A5.06A,0,0,0.0314814539972393,0.0557598755983138,0.0649507394354428,0.183408998434522,0.45897096605756,0.0243635791870648,0,0.181064387289857,0,0,0.316109462443586,0.992289062830005
TCGA.FR.A2OS.01A,0,0,0.131522606135717,0,0.100941463101102,0.168436427029911,0.279560373669689,0.168092370311323,0,0.10013366364389,0.0513130961083678,0,0.29055749519945,0.996868262320996
TCGA.EB.A6QY.01A,0,0,0.069063983921401,0.0540232028264794,0.0590302452871683,0.103226307987019,0.244657036010825,0.0930366193117229,0,0.324831045280538,0.0521315593748467,0,0.144522466365402,1.05154733743466
TCGA.D9.A4Z5.01A,0,0,0,0.0964614362046301,0.105143157825302,0.451450027111968,0.0335834429369619,0.0662708559626408,0,0.138011211154157,0.109079868804339,0,0.464370647961332,0.901123128632417
TCGA.W3.A828.06A,0,0,0,0.0689590652932967,0.0837030588541599,0.344507675830115,0.163193891455575,0.115333159740927,0,0.17060646535516,0.0536966834707659,0,0.426631258760753,0.912626153551248
TCGA.LH.A9QB.06A,0,0,0.020651405005115,0.0206711405402865,0.0975112620428274,0.160794739688229,0.235435745042264,0.21661904412259,0,0.183774601675063,0.0645420618836241,0,0.181903335269548,1.02383000959178
TCGA.EB.A5VU.01A,0,0,0.0559235083318101,0.0789809135926326,0.0546313049603975,0.173064632130499,0.400081323851086,0.0181005694771696,0,0.201648006463181,0.0175697411932243,0,0.174708272460784,1.06254043425648
TCGA.GN.A268.06A,0,0,0.126687916049409,0.0237914210723101,0.098804537078691,0.124837141040432,0.391949745567287,0.0817563181969311,0,0.15217292099494,0,0,0.420758807385603,0.932292475082201
TCGA.ER.A199.06A,0.128385733157195,0,0.107698844805903,0.0483657824763491,0.0730098866229415,0.145556501831941,0,0.0288291293093665,0.111960212057875,0.231410887200899,0.12478302253753,0,0.423089487249102,0.905315288817762
TCGA.EE.A3AC.06A,0,0.00958780142748498,0.162141295138091,0,0.0670160925839991,0.253786361547588,0.220835736363882,0.0329974797532294,0,0.253635233185726,0,0,0.50292374407261,0.873427215778193
TCGA.RP.A6K9.06A,0,0,0.0363530990067262,0.148371670469108,0.10804305414432,0.231713797949996,0.00403213702785518,0.0033811383847485,0.0851421735841292,0.336123585271749,0.0468393441613672,0,0.572817926501083,0.824130335504955
TCGA.D3.A8GQ.06A,0,0,0.0624642654299285,0.0248262674633772,0.0508132729735288,0.105617030115469,0.202679631498823,0.0892629839758018,0,0.455000337206643,0.00933621133642883,0,0.470478346113256,0.883394862550564
TCGA.W3.AA21.06A,0,0,0.00557922104512648,0.150736218408552,0.0926899978792988,0.0988780745778576,0.254551608583544,0.00725847107237963,0,0.307397970428321,0.0829084380049203,0,0.368131479091923,0.935918917062325
TCGA.BF.A1PU.01A,0,0,0,0.0780898654215633,0.129812483749509,0.115320675554907,0.384433231037976,0.064571339819724,0,0.196220995349653,0.031551409066668,0,0.277170138659633,0.990146897280661
TCGA.ER.A196.01A,0,0,0.000460618128006511,0.0445095876180478,0.0492242809830772,0.124497014970799,0.122687780939003,0.13534517063,0,0.431852752919378,0.0914227938116879,0,0.202031095649888,1.02174316492679
TCGA.W3.AA1R.06A,0,0,0,0.115568865834034,0.0435278856817033,0.121131619740239,0.410606378155368,0.00937276713538488,0,0.251664374431567,0.0481281090217048,0,0.355581132516593,0.955662266535625
TCGA.FS.A1ZN.01A,0,0,0.0793658978593802,0.00444636726694684,0.07759198614377,0.112009015709381,0.139157821616631,0.14130620604256,0,0.422914139933341,0.0232085654279904,0,0.218952312210581,1.01344702886035
TCGA.GN.A4U8.06A,0,0,0.135437851513227,0.00225071462430804,0.0971822386250606,0.204738927142269,0.130417895988251,0.00851349729500757,0.0263217149114388,0.357943989984477,0.037193169915961,0,0.445519651668109,0.89721479497705
TCGA.EE.A2GU.06A,0,0,0.100035193454379,0.159387069234221,0.0794051777062889,0.152291427275856,0.0986186576094832,0,0.0931676564714169,0.244703163323345,0.0723916549250107,0,0.432319922669238,0.902547709689387
TCGA.BF.AAP1.01A,0,0,0,0.103897776536823,0.112649015283769,0.158711533026406,0.275797249045252,0.0300015344953947,0,0.252903340560836,0.0660395510515192,0,0.364493535692714,0.937235078544747
TCGA.DA.A1I2.06A,0,0,0.0737136512088493,0.0143225022601797,0.0980302818802229,0.155039674709053,0.159997003182027,0.144447760947446,0,0.282716400764208,0.0717327250480145,0,0.376771642067569,0.929312669581304
TCGA.FR.A8YE.06A,0.156765701870741,0.235878383046608,0.00583398054565843,0.0588412414235755,0.0801360004710769,0.173360556859015,0.0164311138886567,0.0114732361109825,0.0145943734564208,0.154576336200398,0.0921090761268674,0,0.518546029243361,0.861611579408595
TCGA.FS.A1ZB.06A,0,0.0169897908135019,0.0998682099947735,0,0.0903131393539859,0.289116996668803,0.196497208271643,0.124718455234798,0,0.125774106720921,0.0567220929415742,0,0.508612191172791,0.870699057705825
TCGA.BF.A5ES.01A,0,0,0.107520870255297,0.061674131195492,0.099554257139871,0.178975442549828,0.13289711582406,0.0989677581923034,0,0.228046592381431,0.0923638324617172,0,0.448325622052508,0.894308390113405
TCGA.GN.A4U3.06A,0,0,0.0247312043480904,0.0455650570908744,0.0236754634764357,0.10276595668625,0.281364727605713,0.0773374351488507,0,0.412854845841145,0.0317053098026409,0,0.42657370027129,0.908886138695194
TCGA.EB.A44R.06A,0,0,0.108966489522871,0.0975425594743033,0.0860183228813219,0.156231530628436,0.148582010094093,0.0221513632649866,0,0.326586949637128,0.0539207744968605,0,0.422894251871114,0.907282100977113
TCGA.WE.A8ZQ.06A,0,0,0.0301873979111561,0.0729424572709367,0.104109019262769,0.192663487084012,0.400602515544392,0.0396636702328164,0,0.13226196839365,0.0275694843002683,0,0.290184379562542,0.997609657815628
TCGA.W3.AA1W.06A,0.0200000060326136,0,0.112701886487617,0.210412311305671,0.0534590250474016,0.197696694049423,0,0,0.221823476878222,0.107875281264302,0.0760313189347495,0,0.437037166406937,0.905027774753735
TCGA.GN.A8LK.06A,0,0,0,0.191048676714135,0.0989305245050962,0.084826590993682,0.429686907408308,0.0341784935823433,0,0.116270556044603,0.0450582507518323,0,0.320874612966368,0.984582465051441
TCGA.ER.A19T.01A,0,0,0.0443352120169137,0,0.0938276723476846,0.132594930542459,0.39005835139162,0.150044622434078,0,0.166669453694646,0.0224697575725985,0,0.255016619661145,1.01210175034465
TCGA.EE.A29R.06A,0,0,0.101416994445019,0.0238740022868673,0.131357009829821,0.142814278772106,0.174098779032114,0.131533375692607,0,0.241725997589018,0.0531795623524479,0,0.30693640300646,0.964661405962893
TCGA.EE.A3JD.06A,0.167145994469655,0.095060317967852,0.0860978157995022,0,0.0359547977445741,0.187433830151894,0.00330887896644851,0,0.220136884427385,0.204861480472688,0,0,0.441677444138766,0.896354370863802
TCGA.D3.A2JO.06A,0,0,0.0784568539520133,0.0544192180514201,0.0704175096650848,0.223886537077534,0.132461315182877,0.129682460035031,0.0421265851762123,0.249367734461044,0.0191817863987837,0,0.328849074622113,0.955431552747144
TCGA.ER.A19F.06A,0,0,0.00634664919084288,0,0.0819588642069288,0.165235343670038,0.352715849504066,0.119785469128967,0,0.273957824299158,0,0,0.457289338069971,0.892277163482088
TCGA.D3.A2JK.06A,0,0,0.00498734752160936,0.0156363225353313,0.0651562130441271,0.163411450984168,0.238506878606359,0.0985208286606888,0,0.369413733755169,0.0443672248925474,0,0.363597429303998,0.938334980179117
TCGA.D3.A3C8.06A,0.0184793983798407,0,0.233705201358523,0.14778882870089,0.0591466769347177,0.188855393725494,0,0,0.206309917049617,0.0808547174531673,0.06485986639775,0,0.541954536486132,0.845130764481099
TCGA.EE.A2ML.06A,0,0,0.0074970361870945,0.173329696215209,0.0919314845515657,0.222769789014247,0.0521154345027957,0.0467302546655553,0.0471234655736225,0.309013302837922,0.0494895364519881,0,0.472546991682189,0.880674253713857
TCGA.ER.A2NH.06A,0,0,0.181180451054347,0.10954039846006,0.048357495572637,0.227954346318126,0,0.00194740442767586,0.123067359874567,0.22133515008186,0.0866173942107266,0,0.433034921945015,0.904827791546043
TCGA.OD.A75X.06A,0,0,0.134153425790073,0,0.0670626744198858,0.159868276987293,0.294888935085951,0.0828814329930146,0,0.237553512840707,0.0235917418830755,0,0.432028626478109,0.913132329540269
TCGA.EE.A2M5.06A,0,0,0.0575382023229565,0.0350910618307834,0.0466403430065235,0.165859225878382,0.342205213474074,0.143076438268074,0,0.187999613184978,0.0215899020342282,0,0.379922007682998,0.942331719924957
TCGA.BF.A3DM.01A,0,0,0,0,0.103746205279383,0.166865912509151,0.431871454380168,0.124793901062731,0,0.133025603045378,0.0396969237231899,0,0.326649145662545,0.975700909602524
TCGA.EE.A3JA.06A,0,0,0.0484391530408786,0.0791871066911717,0.0587551209143592,0.222162637412903,0.115277669620341,0.0391337416621196,0.0187018719554806,0.38072378686656,0.0376189118361861,0,0.432120809800433,0.902728666335882
TCGA.EE.A3AA.06A,0.11793154957782,0,0.0690858792057246,0.0103604824516723,0.0583948648355568,0.164707176499489,0.190531490753597,0.0682012483952916,0,0.246161413795008,0.0746258944858405,0,0.543635096429528,0.845811888428555
TCGA.D3.A8GN.06A,0,0,0.0909529380479349,0.0708594722251193,0.0387922664505303,0.102882191561107,0.00447248357736612,0.0742804193445256,0,0.548828081004209,0.0689321477892077,0,0.46790176715508,0.893491718898588
TCGA.DA.A1HY.06A,0,0,0,0,0.0672521246520663,0.162469552400689,0.164779033253067,0.10030270029718,0,0.432575429163516,0.0726211602334813,0,0.310408266540087,0.967885231723317
TCGA.FS.A1ZF.06A,0,0.000701843417808913,0.146578093617083,0.0330563287846971,0.108784309738393,0.142154086299327,0.453212101128611,0.0151011090056881,0,0.100412128008391,0,0,0.437347566193866,0.941329804087515
TCGA.D3.A8GM.06A,0,0,0.122282085125135,0.00208489352202761,0.0474033204633851,0.185845288309121,0.18822487873744,0.0755549723647627,0,0.290336895875876,0.0882676656022521,0,0.415246787906891,0.914668854690397
TCGA.GF.A769.01A,0,0,0.0752416273208839,0.0504644524696649,0.0971503629407551,0.189473618778053,0.339830357399458,0.0820159385424536,0,0.153131748814282,0.0126918937344498,0,0.308498437782935,0.983807086064851
TCGA.EE.A2A0.06A,0,0,0,0.0910396778162805,0.0522588628170518,0.235995600976637,0.0978340073407825,0.00675626222986545,0.0158542156856816,0.438419124606198,0.0618422485275036,0,0.419195690162564,0.912428874340552
TCGA.EB.A299.01A,0,0,0.0369682046740942,0.0476263317844358,0.128713818021137,0.26073276811901,0.103997643720742,0.154818075455458,0,0.150045343656147,0.117097814568975,0,0.145114903680948,1.04047623413328
TCGA.D3.A3CC.06A,0,0,0.0156542605172608,0,0.0796192307490558,0.176066094724646,0.169750955152791,0.133173819808634,0,0.38698068215387,0.0387549568937417,0,0.477566957092202,0.877785574959807
TCGA.EB.A57M.01A,0,0,0.017097945304478,0.0419692530287165,0.0783550319249811,0.157878810811084,0.0765129302855001,0.137827157551699,0,0.393229984355323,0.0971288867382183,0,0.321118358043817,0.959737438982629
TCGA.EE.A2A6.06A,0.0466881170229376,0,0.0574172125098845,0.176096488113234,0.0353516428127399,0.153225949086373,0.139439946312811,0.00936037117837668,0.0114417816452671,0.289487770288122,0.0814907210302539,0,0.422220005385576,0.906495072148393
TCGA.EB.A3HV.01A,0,0,0.00664919587615244,0.0517320479249131,0.0953646754570188,0.282504650143241,0.166212644519589,0.111662606259638,0,0.224113256611674,0.0617609232077727,0,0.273802902906327,0.983970809060267
TCGA.D9.A6EC.06A,0,0,0.0571101086858989,0,0.109767567298633,0.19483513086268,0.246320054502081,0.166193995912991,0,0.185819313496767,0.0399538292409484,0,0.374627226503877,0.935424735887672
TCGA.D9.A6EA.06A,0,0,0.0730649899866915,0.0408896376933235,0.077929433000973,0.121337806565114,0.252911854187489,0.148459433817806,0,0.282468462010651,0.00293838273795176,0,0.325436427222214,0.960082188492013
TCGA.FS.A1YX.06A,0,0,0.00815884863185948,0,0.0934717639409815,0.279054925810719,0.304431819908468,0.0962026079023435,0,0.137253114372648,0.0814269194329809,0,0.40558047415853,0.92920255150629
TCGA.EE.A2GS.06A,0,0,0.119967052899048,0,0.0994832554735174,0.169399773658548,0.242789283598226,0.105224572022489,0,0.24585077476452,0.0172852875836515,0,0.479621335239091,0.880870349301481
TCGA.D3.A2JF.06A,0.0268912619276568,0,0.0363658437138435,0.0811275613773519,0.0747128999745438,0.137337461940226,0.0982911229251922,0.0781957763304513,0.0134061758339955,0.40401097269775,0.0496609232789888,0,0.472263853881473,0.882149673592624
TCGA.FS.A1ZK.06A,0,0,0.0172221360260416,0.064363388950236,0.0976386499112137,0.110987955215479,0.471104764199548,0.05086619924723,0,0.187816906450252,0,0,0.34980435426523,0.967376195675048
TCGA.DA.A960.01A,0,0,0,0.0224693972615067,0.096776092300715,0.0996813591452908,0.420076545261345,0.134879451092087,0,0.199547304409145,0.0265698505299106,0,0.217656662880837,1.02774347401084
TCGA.FS.A1ZE.06A,0,0,0.00278238280074884,0.0946950318303181,0.0796301084857788,0.131360062465445,0.369800212608795,0.0807300354218991,0,0.216623435870608,0.0243787305164077,0,0.240345112940988,1.00952893279607
TCGA.WE.AAA0.06A,0.0568189216754355,0,0.0862648378164003,0.00446758068773854,0.0816471346704004,0.141048428245324,0.163372723848342,0.145505292359108,0,0.227083149692271,0.0937919310049802,0,0.468426145936842,0.883345113730447
TCGA.FR.A8YD.06A,0,0,0.0762407803650045,0,0.107288336928637,0.154959325205925,0.188771196626476,0.111472942138517,0,0.318159216642791,0.0431082020926495,0,0.405902078431639,0.915736133347227
TCGA.BF.AAP2.01A,0,0,0.0674934574490493,0.0439643695980701,0.0976303856027778,0.154647633521059,0.224329367070358,0.0883671460756777,0,0.25341511855648,0.0701525221265292,0,0.382828926676038,0.92879602790363
TCGA.EE.A29A.06A,0,0,0.000266024454122175,0.0678319656889018,0.0433197014584881,0.173401510759982,0.398106323651487,0.108815504582762,0,0.199043629107534,0.00921534029672256,0,0.232308846557654,1.0215841993867
TCGA.ER.A19K.01A,0,0,0.149135187928308,0.050629267718672,0.0939668677380287,0.180482162153158,0.209226707399376,0.0893862125195871,0,0.143668416159634,0.0835051783832373,0,0.351715876484563,0.955710987854895
TCGA.EE.A29L.06A,0,0,0.00719648981032817,0.10849764794751,0.0573758712706832,0.0788259832076988,0.455969065631334,0.0951801630679018,0,0.196954779064544,0,0,0.372121966441425,0.954293838647864
TCGA.D3.A1Q7.06A,0,0,0.212583160089985,0.113337766761057,0.0887855846088973,0.184762849823464,0,0.0291961999793092,0.0128042231546307,0.267144305746333,0.0913859098363238,0,0.333603720067667,0.95279197959
TCGA.EE.A3AD.06A,0,0,0,0.073502130693187,0.111965300242013,0.124344636181046,0.365508520227183,0.0806624525576638,0,0.192287046704319,0.0517299133945877,0,0.181847930330621,1.03627345891823
TCGA.EE.A3JH.06A,0.0372078087248993,0,0.112743148669749,0.00946979908970776,0.0697371609144559,0.166179756813051,0,0.0709356074546588,0.124613435745349,0.327060606826824,0.0820526757613055,0,0.369750633195483,0.93277143973495
TCGA.EB.A3XB.01A,0,0,0.0341085057320439,0.0784315380392675,0.0633192310146439,0.156007030593885,0.223306236416104,0.0478250038273825,0,0.362926893583492,0.0340755607931812,0,0.410551761590609,0.914140966250846
TCGA.D3.A2JE.06A,0,0,0.0804686743738856,0.0288711002590892,0.0490134784313984,0.0727307888578978,0.418236767526852,0.0326938135685996,0,0.317985376982277,0,0,0.433768593888919,0.917256237812355
TCGA.EE.A29D.06A,0,0,0,0,0.10672184412137,0.138797649571087,0.354649115931509,0.142171346633871,0,0.257660043742163,0,0,0.371411877824744,0.9371688826612
TCGA.EB.A5UM.01A,0,0,0.10434950706088,0.0586504835238488,0.079829300735146,0.0821556968518288,0.0308575803702343,0.155108300437623,0,0.393377482418765,0.095671648601674,0,0.519514765033048,0.857824840315063
TCGA.D9.A1JW.06A,0,0,0.105888557294044,0.0653127862934774,0.0905395728956781,0.173457350232386,0.0143149574724377,0.125852531745653,0,0.308834135142636,0.115800108923688,0,0.415303336278668,0.909846964933165
TCGA.D3.A1Q5.06A,0,0,0,0.121548390799592,0.072975666542285,0.0957751113138257,0.166148569063859,0.108066483980845,0,0.34129857808543,0.0941872002141634,0,0.280425129623213,0.978957458009209
TCGA.BF.A5EO.01A,0,0,0.0611743925183832,0,0.0328123185574918,0.178063966882518,0.149912915299221,0.181700414451121,0,0.358705271581855,0.0376307207094103,0,0.381484360013282,0.928689210804966
TCGA.D3.A3CF.06A,0.11188707291851,0.0509343775124872,0.113491528403764,0,0.0371962036206756,0.148206323802466,0.0209245484603653,0.139695143120069,0,0.296864515695133,0.0808002864665298,0,0.404958004913182,0.91464668341518
TCGA.D3.A5GU.06A,0,0,0.132604360195005,0.114257776037246,0.0926722750692541,0.217027521953887,0.177760324601549,0.00933462413925432,0,0.244829106061566,0.0115140119422381,0,0.476956901783611,0.882377278332809
TCGA.XV.AB01.06A,0,0,0.105857327533239,0,0.112780742431481,0.143914631140069,0,0.107197671562361,0.0124498587798036,0.46161295009834,0.0561868184547068,0,0.431082862681609,0.90693283133169
TCGA.ER.A19B.06A,0,0.010632947221324,0.0362388791184779,0,0.0559287931831763,0.137241866705804,0.278021815855557,0.101227004770546,0,0.380708693145115,0,0,0.298164421014062,0.975966368597984
TCGA.D3.A5GO.06A,0,0,0.158474147177275,0,0.081766056226095,0.213895657021789,0.0880331403661882,0.185293092483781,0,0.210807303122913,0.0617306036019595,0,0.382908879522691,0.929354648056711
TCGA.GN.A8LN.01A,0,0,0.0179891642779716,0,0.0681094352534203,0.210117538730358,0.176012864899753,0.107341362885968,0,0.387494244882207,0.0329353890703231,0,0.48939122099129,0.871220779081748
TCGA.YG.AA3O.06A,0,0,0.0776290804851636,0.0598608914305065,0.0517798922008555,0.126989829677281,0.230911813344686,0.049365775855303,0,0.350894793920008,0.052567923086197,0,0.457814088542218,0.889593529047748
TCGA.EE.A2MM.06A,0,0,0.0363575555113664,0.0601833408210983,0.0517576924998807,0.140996923806089,0.35795834412292,0.0522744001650471,0,0.262518011928507,0.0379537311450911,0,0.379881087397242,0.938856429770097
TCGA.QB.A6FS.06A,0,0,0.11741559507961,0.0347979794656395,0.111625617278228,0.161724703958949,0.0661917851386464,0.0672045408400982,0,0.342730272587337,0.0983095056514924,0,0.479482076090901,0.87678384907749
TCGA.YD.A9TA.06A,0,0,0.15597821553742,0.00459877303812613,0.0518404096974251,0.198325916221805,0.167143019355507,0.110723297876129,0,0.259409855487109,0.0519805127864786,0,0.381235535064958,0.934242336186373
TCGA.D3.A51F.06A,0.0121179130503115,0,0.15589714090408,0.123078738046049,0.0332809860290499,0.215746008049278,0,0,0.316039463359316,0.10262131218403,0.0412184383778849,0,0.43319651366415,0.914632654452197
TCGA.EB.A4OY.01A,0,0,0.104496641675884,0.0539991476682607,0.086411490380278,0.0913798105327584,0.0992109252921806,0.080980389573135,0,0.42625369753501,0.0572678973424932,0,0.318621376532604,0.964789435064797
TCGA.ER.A2NC.06A,0,0,0.0149387339485442,0,0.0784136777151585,0.356234288737285,0.244630958376383,0.0695935009428851,0,0.236188840279745,0,0,0.484663999354525,0.885250131953261
TCGA.FS.A1ZQ.06A,0,0,0.00324022402616054,0.0260562324670553,0.0777565955170181,0.13028374257541,0.206104310405897,0.122916497014467,0,0.353269904253831,0.0803724937401617,0,0.465989607954005,0.884040976756524
TCGA.ER.A42K.06A,0,0,0.0173282838625191,0.0702953922332309,0.0878704836329825,0.160623289717981,0.274706748685926,0.092395681318545,0,0.245649399638204,0.0511307209106119,0,0.22727337917945,1.00522742080447
TCGA.WE.A8K4.01A,0,0,0.210321983414786,0.213113031674303,0.0827323777669898,0.17285649179125,0,0,0.0857428672118777,0.134174341745028,0.101058906395766,0,0.482211305511778,0.878108791578977
TCGA.ER.A42L.06A,0,0,0.0421468096187215,0.0851856012190761,0.0526809125392708,0.307859293164276,0.00626883422398812,0.0623989635305691,0.165550989921476,0.232916056639178,0.0449925391434441,0,0.210393009355898,1.02029940443652
TCGA.EE.A2A1.06A,0.0729330521917309,0,0.115969176988824,0,0.088830257754606,0.219288359539948,0,0.0721635774012074,0.0366092905550663,0.286883221744243,0.107323063824374,0,0.421958054261388,0.906050313276639
TCGA.EE.A29T.06A,0,0,0.0582652027368584,0,0.0749464363425378,0.242348372738458,0,0.0362063978737894,0.214414997951029,0.372194834711126,0.00162375764620152,0,0.404924743453674,0.918538774998342
TCGA.EE.A2GI.06A,0.0404714276062437,0,0.152515705740649,0.0273562077029235,0.0553475112379592,0.146911067554998,0.139330967970206,0.0817813169648305,0,0.305473163086978,0.0508126321352111,0,0.384687778366462,0.92724825085314
TCGA.ER.A1A1.06A,0.308580076438148,0.131850840037458,0.122399334690098,0,0.0320300110953541,0.047894308058545,0,0,0,0.203110551776158,0.154134877904239,0,0.450466560271316,0.895666222157856
TCGA.D3.A8GS.06A,0,0,0.150018933924306,0,0.0478298897799317,0.142743773966866,0.00135216977288394,0.167082441444243,0.00479664735874149,0.443469162567369,0.0427069811856582,0,0.456590493277708,0.891374578770318
TCGA.ER.A198.06A,0,0,0,0.00808950351831441,0.0830792443999658,0.201631585998793,0.427177553064592,0.118978488349415,0,0.16104362466892,0,0,0.541554461572163,0.851157951919096
TCGA.DA.A3F5.06A,0,0,0.0920370957883693,0.0679615928226847,0.0711636930860949,0.148493015006383,0.328728797965449,0.0734313195049423,0,0.153242276598737,0.06494220922734,0,0.262550171941405,1.01209745599672
TCGA.FS.A1ZH.06A,0,0.000466575438827433,0.0864925509772393,0,0.0595196726188063,0.242256409915513,0,0.0690115526597592,0.153042248353642,0.355358110826574,0.0338528792096383,0,0.390371746605221,0.925300593259935
TCGA.3N.A9WB.06A,0,0.0190754544194356,0.117556557632002,0,0.068870773612149,0.095504719360186,0.333477940216149,0.175667026461332,0,0.180192555774209,0.00965497252453706,0,0.345154576169102,0.967370024427996
TCGA.D3.A5GR.06A,0.0841660963404197,0,0.109119423487129,0.0385947415720162,0.0244729711850311,0.159143684396057,0.0971995717185879,0,0,0.402850455798164,0.0844530555025953,0,0.421204287599169,0.908332329148753
TCGA.XV.A9W5.01A,0,0,0.0761153514627852,0.0123851298222393,0.102616061782648,0.170806983398799,0.264073573389287,0.117819960940465,0,0.175972501209104,0.0802104379946727,0,0.237354348801261,1.00779449458325
TCGA.YD.A89C.06A,0,0.0032299495725085,0.138804068990021,0,0.0994542014778361,0.13287888734026,0.356754436422546,0.0655570466852605,0,0.178461177968452,0.0248602315431151,0,0.333411952314364,0.979762672199508
TCGA.D3.A8GV.06A,0,0,0.0975977164613908,0.0643668688581404,0.0783642970235847,0.134485598495994,0.36811218411311,0.0638391699312216,0,0.193234165116558,0,0,0.396080406878354,0.938727135246975
TCGA.D3.A2JP.06A,0,0,0.0680224325438125,0,0.0796410209637842,0.204693193836732,0.0929439726602714,0.0189320374410055,0.079968859470216,0.38334045304827,0.0724580300359093,0,0.466435703989195,0.884002714019605
TCGA.EE.A2MD.06A,0.0213985537533466,0,0,0.0878096303813144,0.0484036335044269,0.115869366497429,0.333619608810176,0.0327897364506366,0,0.340143486891214,0.0199659837114565,0,0.425412837644759,0.907858770286276
TCGA.D3.A2J8.06A,0,0,0.216905299391025,0.0347977791768296,0.0808928588923354,0.223727399063611,0.0178300630619509,0.0631581928195941,0.0463637472560533,0.28074113511203,0.0355835252265711,0,0.444881597244597,0.89746104031938
TCGA.EB.A550.01A,0,0,0,0.0449708863830727,0.0864152658914225,0.185504549540242,0.177146315666033,0.0978595961190583,0,0.320372525558022,0.0877308608421495,0,0.0936184514529128,1.05997398789808
TCGA.D9.A4Z6.06A,0,0,0.0179470216048666,0,0.112695947279224,0.117625944012071,0.369919323008065,0.122303349477158,0,0.203697059065923,0.0558113555526921,0,0.278453289551376,0.990164539658919
TCGA.HR.A2OG.06A,0,0,0,0.0826814557042099,0.029439193481535,0.166295857926657,0.0631652744479352,0.0588766759204538,0,0.509024155963083,0.0905173865561259,0,0.257769634643354,1.00645669004379
TCGA.GF.A2C7.01A,0,0,0,0.0966398888725407,0.102705816074308,0.119137067927088,0.471298492530819,0.075217080561584,0,0.132207364700773,0.00279428933288826,0,0.174638903098086,1.06550808874761
TCGA.D3.A2JD.06A,0.132586498422778,0.00432701012024178,0.0344701410637269,0.0121973690074112,0.0841945036834361,0.10209790007195,0.141490172127101,0.059800555877151,0,0.323339476267658,0.105496373358547,0,0.549514655741413,0.841956788067125
TCGA.D9.A4Z2.01A,0,0,0.032464956774928,0.0430896950400817,0.0664195953069964,0.150967629838763,0.329150915145866,0.0321547125223495,0,0.308507829321747,0.0372446660492686,0,0.357958933613313,0.947062208579116
TCGA.DA.A95X.06A,0,0.0124840180172962,0,0.00115892567696257,0.102797286950934,0.251811510246526,0.29625560907434,0.0902878810475824,0,0.241507290719108,0.00369747826725066,0,0.499707625281826,0.87074133293751
TCGA.FS.A4F4.06A,0,0,0.0277340776807032,0,0.119020116777729,0.236439373238115,0.203342999458753,0.176538602641271,0,0.176751008046514,0.0601738221569145,0,0.402226375604331,0.91991446934525
TCGA.WE.A8ZM.06A,0,0,0,0.108180258381118,0.124051762819619,0.158944361864834,0.213577765857437,0.0673184584624157,0,0.226470034992813,0.101457357621764,0,0.188219747702445,1.01671631421516
TCGA.D3.A3BZ.06A,0.013337130722799,0,0.159264728746625,0.0439490716277957,0.0741151949326897,0.19743970498821,0.0544184709256775,0.118874282916996,0,0.259018976893655,0.0795824382455527,0,0.344388209993476,0.945808468922953
TCGA.EE.A3JB.06A,0,0,0.0534685451709841,0.018867773800326,0.0393123588635671,0.311681636383498,0.399574253244344,0.035267491982014,0,0.110749898218133,0.0310780423371339,0,0.494382278159659,0.898716114482623
TCGA.GN.A262.06A,0,0.00521526019603093,0,0,0.157593363324767,0.117261912297405,0.486108124642875,0.0703743218109572,0,0.163447017727965,0,0,0.304719675468612,0.990253923321509
TCGA.FR.A69P.06A,0,0,0.0534412262461039,0.0303771096350159,0.0512576736067302,0.187353058808298,0.443590947232753,0.0988285324888966,0,0.135151451982203,0,0,0.368511010170068,0.967220849183343
TCGA.WE.A8ZR.06A,0,0,0.00388536393167717,0.0711069455983189,0.0477875032420091,0.112591440629611,0.335347143847768,0.0472400752406419,0,0.353185766053423,0.028855761456551,0,0.458491096904346,0.889981993805317
TCGA.EB.A5SF.01A,0,0,0.0924770416851874,0.00280761744337347,0.153205782407752,0.15949426760956,0.0931089811374255,0.164395640965365,0,0.226509645199731,0.108001023551606,0,0.0582742662037496,1.0699233045632
TCGA.D3.A1Q9.06A,0,0,0.106617916062222,0.0627256274961861,0.0577145187430519,0.148583434338458,0.18411103487971,0.0182046238275352,0,0.422042844652837,0,0,0.460721038166399,0.888450307285482
TCGA.FW.A3I3.06A,0,0,0.0993359706509127,0.0364335055859583,0.0697833638123347,0.114805817224615,0.187071691677746,0.123160600013451,0,0.336305283909175,0.0331037671258077,0,0.226902016823321,1.00792195611812
TCGA.D3.A2JB.06A,0.190997814087987,0.0950444752332028,0.147450899879774,0,0.0294090324389849,0.0933455635822955,0.00879523808767864,0,0.040384227878014,0.340467266573633,0.0541054822384296,0,0.473517248759872,0.882522511010322
TCGA.EE.A2M6.06A,0,0,0.134801765027175,0,0.0500168990982921,0.208414164545966,0.319261582436001,0.0984368876939503,0,0.186886945528707,0.00218175566990863,0,0.440937932224331,0.915725233458767
TCGA.BF.AAP7.01A,0,0,0.128083201057583,0.0667292498844849,0.104329451624525,0.201312211737835,0.0059024480660263,0.105868158852341,0.00784067907715977,0.303116342549308,0.0768182571507376,0,0.507287153648875,0.862257481306485
TCGA.D3.A3MR.06A,0.0294203427644292,0,0.0944465635129845,0.0966883469775694,0.0397233443226779,0.141316943025636,0.0695743805338993,0.0672163916531749,0,0.386418909126033,0.0751947780835962,0,0.407394785360337,0.915645136552518
TCGA.EE.A2GT.06A,0.13107744323012,0.0893935663806213,0.0614341302259329,0,0.112139556647066,0.122512115128973,0.103457928401295,0.067767056264053,0,0.246238258534296,0.0659799451876434,0,0.436848942114513,0.899258500111807
TCGA.EE.A2GP.06A,0,0,0.060469764067761,0,0.0742641462044886,0.324080551340309,0.25780009990655,0.11009986971598,0,0.132579942850117,0.0407056259147941,0,0.484141154913065,0.889718042408906
TCGA.D9.A1X3.06A,0,0,0.00213898743652609,0.0545613079853059,0.074788036922291,0.103250366854192,0.295210154756643,0.0816749010176474,0,0.37397828654091,0.0143979584864846,0,0.285705710333112,0.980955027819159
TCGA.WE.A8K1.06A,0,0,0.20075804052788,0.118314937610018,0.0762119087617965,0.16656617454761,0.0495153360251315,0.0539447806110573,0,0.229781295997286,0.10490752591922,0,0.482942716341043,0.875831941504988
TCGA.ER.A193.06A,0,0,0.192355671786063,0,0.111803942713508,0.222756594484575,0,0.177542430728086,0.0162027973647798,0.232873933236548,0.0464646296864414,0,0.530656081923913,0.85056873793825
TCGA.D3.A2JH.06A,0,0,0.178212101725534,0.207003575627427,0.0693106961865393,0.163495344492773,0,0,0.251452720725385,0.130525561242342,0,0,0.528142364969414,0.850506664422002
TCGA.EE.A2GN.06A,0,0.0240737336029639,0.101320741792492,0,0.0826043478474521,0.150775818488045,0.11011171907663,0.055825405555624,0,0.432295054721345,0.0429931789154484,0,0.427366068512994,0.906170939086683
TCGA.EE.A2GO.06A,0,0,0,0,0.119187404570065,0.196026123441717,0.287656792459918,0.155835789136604,0,0.207667191738257,0.033626698653439,0,0.288928199121119,0.97559939783597
TCGA.D3.A51E.06A,0,0,0.18334530200345,0.0238552948135995,0.0605623395240939,0.228393672446914,0.0988265319895883,0.0715450412689677,0,0.295714299828555,0.0377575181248312,0,0.250870412453432,0.999561035193269
TCGA.EB.A44P.01A,0,0,0.0708129064312088,0.0751817606317367,0.0882797668074756,0.113637296778986,0.154409463130485,0.123288408140567,0,0.307856576435043,0.0665338216444982,0,0.406930268273945,0.914708964238755
TCGA.GN.A263.01A,0,0,0.113949565121658,0,0.0967552858187529,0.169932798397121,0.197373700092831,0.113588146680284,0,0.251883455714637,0.056517048174717,0,0.427447428144711,0.906984361588431
TCGA.HR.A5NC.01A,0,0,0,0.0853896415331581,0.129595866337478,0.232679580931178,0.223176614160691,0.0564145594362295,0,0.201163334149397,0.0715804034518681,0,0.364758360848474,0.938013238816612
TCGA.FR.A7U9.06A,0,0,0.082440067220014,0.00814281883729481,0.0545864126908302,0.214640723117252,0.271066372103828,0.0965475504608408,0,0.227616976519469,0.0449590790504709,0,0.396947184472339,0.929332886496689
TCGA.XV.A9VZ.01A,0,0.114421951839499,0.110838216970993,0.00738557551185992,0.131678866515328,0.110601910439142,0.231709107851727,0.152072638085942,0,0.0933669413420196,0.0479247914434895,0,0.254297102877204,1.00288320756841
TCGA.EE.A2MN.06A,0,0,0.115786561518706,0.0525367017312182,0.104653772383457,0.20616859636081,0,0.0990122143472983,0,0.300615382956433,0.121226770702077,0,0.414813573915843,0.910000485247195
TCGA.BF.A1PX.01A,0,0,0.199630946441669,0.017228045370453,0.101743080122952,0.19106230398056,0,0.15232392141338,0.0203871269297514,0.262460018589847,0.0551645571513882,0,0.300339783228174,0.967148643595201
TCGA.WE.AA9Y.06A,0.0281297475960678,0,0.0212890361753392,0.0108484881125598,0.067293035471849,0.192692922696473,0.105547302721029,0.108789048849242,0,0.417176954625867,0.0482334637515737,0,0.480117472112973,0.877001177162499
TCGA.D3.A3CE.06A,0,0,0.178653511434453,0.0181732129287014,0.0773429619622377,0.14648354350373,0.0473017085110618,0.0342670994578072,0,0.443507026044439,0.0542709361575693,0,0.420041408735965,0.91107353653363
TCGA.D9.A6EG.06A,0,0,0,0.0324467189568778,0.0917761955121284,0.126768250034857,0.459388745839779,0.122701411209813,0,0.0991682394037115,0.0677504390428334,0,0.19338994359512,1.05909417394362
TCGA.WE.AAA4.06A,0.00528421468054078,0,0.111063836970752,0.0838827783113822,0.0771898052401934,0.295568870367571,0,0.068394073142426,0.0835225321213676,0.151475845104052,0.123618044061715,0,0.518578635713585,0.857506808017998
TCGA.EB.A85I.01A,0,0,0.18671998241873,0.189131194092357,0.091453055163782,0.164389471331851,0.0302003225444749,0.0314906039007107,0,0.205951971074279,0.100663399473815,0,0.498884647934368,0.866553477837984
TCGA.BF.AAOX.01A,0,0,0.0237864578354605,0.111103381981444,0.0920897401534768,0.102899680493992,0.324538970875098,0.0807806884372427,0,0.252990547038217,0.0118105331850687,0,0.279840343104148,0.985768384826497
TCGA.ER.A2NF.06A,0,0,0.0726514123268525,0.105081303005684,0.0556150066221458,0.0947625814422257,0.0307688533786386,0.00599064411119883,0,0.576572305355213,0.0585578937580413,0,0.525968987149136,0.858428946530948
TCGA.FS.A1ZU.06A,0,0,0.118175341295057,0,0.0837563810353598,0.201604432619106,0.377619943802668,0.0982178812792296,0,0.112618509142283,0.00800751082629566,0,0.336452659412935,0.987026225960857
TCGA.EE.A20H.06A,0,0,0.0348363128691742,0.0824228246807707,0.0747489678472073,0.102345702769417,0.561129610761032,0.0135989574538341,0,0.130917623618565,0,0,0.383506207723561,0.974560697274143
TCGA.FR.A3YO.06A,0,0,0.0237347199520927,0.0348778593632747,0.046932448636713,0.254200983576227,0.322511090975371,0.0597304594926787,0,0.226675982105348,0.0313364558982949,0,0.402171881196003,0.929053114165743
TCGA.FR.A729.06A,0,0,0.184032924818908,0.00152494301785366,0.0907520011629928,0.198281073701883,0,0,0.117125634227763,0.352127414778566,0.0561560082920337,0,0.471972986637449,0.881245005042879
TCGA.ER.A19P.06A,0.10829966241986,0,0.110964943630069,0.0820096158848544,0.0633090844198379,0.162037793673957,0,0,0.153442401953963,0.210675014833194,0.109261483184265,0,0.358858478503024,0.936218923589874
TCGA.EB.A24C.01A,0,0,0.0681556549684343,0.0409063356355809,0.117788223201961,0.159373459403362,0.17841472271537,0.0584034428639659,0,0.293905173912036,0.0830529872992907,0,0.264157124609568,0.984551268842909
TCGA.D3.A8GE.06A,0,0,0,0.129044418366856,0.10477617761167,0.254667974782862,0,0.0863433568674435,0.126524674218071,0.212051181113264,0.0865922170398344,0,0.440944589552986,0.897329366636293
TCGA.FS.A4F5.06A,0,0,0.0403117393502381,0,0.0963703976376265,0.18768121571853,0.233647879983241,0.19211365744661,0,0.216767240730009,0.033107869133745,0,0.338161223856845,0.950745968044839
TCGA.EE.A2GM.06B,0,0,0.151053949727027,0.0925776321674163,0.116133833135807,0.18010786338804,0.18339114406162,0,0,0.20228761642689,0.0744479610932002,0,0.357045419531556,0.947665711991981
TCGA.FW.A5DX.01A,0,0,0.0959772582750205,0.0352281766209801,0.067225079339901,0.103046558924849,0.376156217562563,0.041093016318924,0,0.281273692957762,0,0,0.314666123058703,0.984375078555383
TCGA.WE.A8ZO.06A,0,0,0.113133892704114,0.0927430385193425,0.0682806573897224,0.273374565785826,0.119229121575557,0.0582411980412363,0,0.227743804421355,0.0472537215628464,0,0.454793972276834,0.894187522184789
TCGA.FS.A4FC.06A,0,0,0.0246101557333614,0.0363054909466368,0.0928514785397607,0.17611314209153,0.161980361806998,0.127434297262665,0,0.295300532736463,0.0854045408825845,0,0.410762511667225,0.911922244243846
TCGA.EE.A20F.06A,0,0,0.146480881304243,0.00171920593000231,0.0518810068937271,0.201392835241465,0.12032528541832,0.0635981548007066,0,0.341196959839492,0.0734056705720445,0,0.42213843028348,0.9093936122468
TCGA.FS.A1ZJ.06A,0,0.00234548278715456,0.134464608644324,0,0.104575256154317,0.131863627321544,0.347916917524242,0.0912377447310314,0,0.187596362837387,0,0,0.394704659812619,0.940465680334032
TCGA.EE.A182.06A,0,0,0.0961866437308052,0,0.0963696672370171,0.163139512719467,0.0582712828391108,0.157986457719208,0,0.373154524501126,0.0548919112532656,0,0.416463891251473,0.910100558412857
TCGA.ER.A19T.06A,0,0,0.039052142128225,0.107466565840422,0.115952718746907,0.201974621988208,0.221963328908612,0.0843771456016654,0,0.14529662553049,0.0839168512554709,0,0.376175884909581,0.934352145018695
TCGA.EB.A5FP.01A,0,0,0.119901194134884,0.0170147210140808,0.107576052496719,0.096695979568878,0.442058455103055,0.0754195739712976,0,0.132098799322329,0.00923522438875789,0,0.256819379176641,1.04231943247552
TCGA.D3.A51J.06A,0.0138589138732246,0,0.19108609287051,0.00527034206911359,0.0619025307542582,0.205314537323556,0.0050917650262559,0.0509483741593627,0.064290355937412,0.281477502878148,0.12075958510816,0,0.440562327221477,0.898292109330716
TCGA.EB.A44N.01A,0,0,0.0528908031124012,0,0.0763567246018111,0.0915096838231537,0.12438186923562,0.127744825540801,0,0.408166082915682,0.118950010770532,0,0.277570318533828,0.983810946588955
TCGA.FW.A3TV.06A,0.0270642444065075,0,0.0129216014795942,0.0933973004514737,0.0591925290154504,0.158657173884139,0.106959402563408,0,0,0.509632175867944,0.0321755723314826,0,0.600226460647323,0.804902048951431
TCGA.XV.AAZV.01A,0,0,0.0303231244653066,0.0432482276171617,0.108673194179421,0.334304564237321,0.0843102276354922,0.0792921379177651,0.0508396590095019,0.143885176520206,0.125123688417824,0,0.318322640421107,0.969414363660939
TCGA.ER.A3EV.06A,0,0,0.153663432159496,0.0682669587569682,0.0734403918799233,0.126296742963116,0.158429687086666,0.0326488980156481,0,0.348779034695096,0.0384748544430876,0,0.364157180530757,0.941008609594878
TCGA.D3.A5GT.01A,0,0,0.00950533926947464,0.0360104997728937,0.0981798772721473,0.10815517787951,0.270509784507833,0.158782391892842,0,0.255022371640348,0.0638345577649501,0,0.145930328241716,1.0418954578595
TCGA.EB.A5SH.06A,0.0227529371457495,0,0.0177045191761434,0.0765022325473471,0.0841192006467597,0.0748095092726852,0.167910882901265,0.1092075566444,0,0.365948263061867,0.0810448986037837,0,0.394519525370405,0.922958834209154
TCGA.EB.A42Y.01A,0,0,0.0935800659295355,0.0592413974470671,0.0844591848618766,0.159141825929917,0.32155954735711,0.116510293550937,0,0.136196503293604,0.0293111816299537,0,0.32614733156283,0.975707823732733
TCGA.ER.A19Q.06A,0,0,0.0909258011364735,0,0.10562404564828,0.348807066679978,0.122063839063176,0.18467358597548,0,0.113351844566016,0.034553816930595,0,0.558078806562221,0.840160172073175
TCGA.EB.A85J.01A,0,0,0.229175977930443,0.155681132169149,0.0708803874345732,0.155275004468488,0,0,0,0.292518655139741,0.0964688428576057,0,0.429426266183031,0.904240865053895
TCGA.EE.A2MJ.06A,0.165704131166753,0,0.24689829050233,0.0428702462262201,0.0669703289647235,0.169645834751309,0.0215310381278741,0.0284574128573986,0.00787163921190692,0.148375914546889,0.101675163644595,0,0.460843129580703,0.88909991272757
TCGA.GN.A264.06A,0,0,0.0874851797545562,0.00667306972912188,0.0752783630761264,0.228081057261878,0.23991106582044,0.10033381886154,0,0.216024381256783,0.046213064239554,0,0.307358221618034,0.974408209852655
TCGA.FS.A1ZD.06A,0,0,0.0764650863054321,0.0589045389638555,0.0586019080940778,0.142997187031599,0.332739379149151,0.144564983628236,0,0.144033254794478,0.0416936620331697,0,0.29427632271781,0.994271557439475
TCGA.EB.A1NK.01A,0,0,0.149576560867916,0.0159564133158836,0.111762056648042,0.191002766864649,0.0942757460935391,0.0630810568647027,0,0.28193714515372,0.0924082541915467,0,0.266489949418742,0.984715475091452
TCGA.D3.A8GI.06A,0,0,0.191996963865676,0,0.103044549516706,0.176823898420691,0.092513325183186,0.0787553785622615,0,0.242500999166138,0.114364885285342,0,0.341577763959756,0.950874932974213
TCGA.EE.A2M7.06A,0.0990181584170091,0.0783656837342763,0,0.125719016702945,0.0667142668214842,0.10230954754293,0.0649230825618774,0,0.0173717357110915,0.373749676477586,0.0718288320308012,0,0.475128274779134,0.884927251626136
TCGA.BF.AAP4.01A,0,0,0.101555210410341,0.109673776852384,0.0807160710621418,0.143118770062193,0.122663681289065,0.128397201475737,0,0.223976606810774,0.0898986820373634,0,0.544241775781184,0.841312242716987
TCGA.FS.A1Z7.06A,0,0,0.0270025909125229,0.0275428822721691,0.0786142299891487,0.308171808968402,0.207453271545821,0.0586382023564383,0,0.263481940626452,0.0290950733290455,0,0.472007767400969,0.886447045307506
TCGA.D9.A149.06A,0,0,0.0558713678330251,0.0848452447919095,0.0704825607662993,0.202136168945509,0.150229427257718,0.048575185784345,0,0.354337568039021,0.0335224765821725,0,0.441898213518725,0.897062468777026
TCGA.BF.AAP0.06A,0.0987185398433982,0,0.191495206105107,0.02245408176902,0.0602916404212547,0.149085910055455,0,0.0275040954197962,0.0358583825378864,0.308966129031426,0.105626014816657,0,0.473626249557837,0.880169773113413
TCGA.FR.A3YN.06A,0,0,0.0519417613600682,0.125830645793758,0.0739327401084405,0.154474480802453,0.0193180912934801,0.0235331935032181,0.0332225073073653,0.412118807879497,0.10562777195172,0,0.545190328843287,0.842114035778501
TCGA.FS.A1ZW.06A,0.00422647881476326,0,0.075513867189373,0.0425718043481408,0.0245679136965817,0.142629134268633,0.144554490630285,0,0,0.558749932154619,0.00718637889760282,0,0.425118026888272,0.916758608961151
TCGA.GF.A3OT.06A,0,0,0.0993486206295572,0,0.0767827945330642,0.239330117355802,0.187663380587619,0.19571297187686,0,0.183517158754204,0.0176449562628939,0,0.160237732128026,1.04300366019821
TCGA.EE.A2MT.06A,0,0,0.0360236200757048,0.0748575083609686,0.0413783224190344,0.0697410908408838,0.299774638727346,0.113716412696284,0,0.356381573377031,0.00812683350274735,0,0.378888538467782,0.936437541708794
TCGA.FS.A4F2.06A,0,0,0.0306976343404185,0.00482462486370515,0.0401949405465286,0.346569673549772,0.303771501464656,0.062950316027598,0,0.17657692741942,0.034414381787902,0,0.487357632940628,0.890400422684576
TCGA.DA.A1I7.06A,0,0,0,0.0521869960187571,0.0887050820579726,0.16051426369339,0.186206145776699,0.0633114719433231,0,0.40845304475096,0.0406229957588986,0,0.408198156847066,0.915561508987692
TCGA.EB.A4P0.01A,0,0,0.0383612056382896,0.0995110167127304,0.106327854732838,0.164142881050425,0.167802614401678,0.08061639160211,0,0.234876229315667,0.108361806546262,0,0.349125699996525,0.94249403994496
TCGA.FS.A4F0.06A,0,0,0.000206155856811093,0.091962335940195,0.110746551507457,0.119604823102882,0.408287191348062,0.097567315858851,0,0.166901890788589,0.00472373559715341,0,0.231545027685665,1.01941279853791
TCGA.EE.A29P.06A,0,0,0.192432807829282,0.125796295403119,0.0444826056497171,0.239017091294346,0,0,0.133187780982862,0.247249425933015,0.0178339929076578,0,0.385993355270979,0.93144306383481
TCGA.FS.A1ZR.06A,0,0,0.0282996255391124,0.0545992624363012,0.101635521311708,0.167460849681253,0.279145307266024,0.147472278709107,0,0.189021069431307,0.0323660856251872,0,0.390298516761838,0.926658760005202
TCGA.EE.A2ME.06A,0.103408428899425,0.078911309565373,0.0696612364499491,0.244163675122715,0.0384109719968215,0.130233186163053,0,0,0.170239162204258,0.1451247788958,0.0198472507026051,0,0.307212637341112,0.968080367874783
TCGA.EE.A29M.06A,0,0,0.137871004471957,0,0.0765932315786494,0.139922409205645,0.151241039387178,0.164893591402279,0,0.253251033874212,0.076227690080079,0,0.486828715281909,0.87349573198769
TCGA.D3.A2JL.06A,0,0,0.164760034513044,0.00733013037588363,0.0741015466794978,0.127740712151349,0.0796835605326293,0.0944439793484998,0,0.368806803334274,0.0831332330648224,0,0.441541138812753,0.897450499635907
TCGA.EE.A17X.06A,0,0,0.139421375638869,0,0.0728704209415016,0.139061168734091,0.315706328679619,0.119143301133138,0,0.197452877015551,0.0163445278572299,0,0.366630875213045,0.95463865208743
TCGA.EE.A17Z.06A,0,0,0.025349655364972,0.0154244165985145,0.0769385339373455,0.0902473217196327,0.506269974909264,0.0639222016591259,0,0.221847895811146,0,0,0.286922916385255,1.01207272549412
TCGA.EE.A3J7.06A,0,0,0.0898418119525133,0.11584522582599,0.101300338932153,0.150302152752782,0.317834894764366,0.0476219112750421,0,0.124731441660481,0.0525222228366725,0,0.304493963010576,0.987479947341741
TCGA.EE.A29W.06A,0,0,0.0822036935028388,0,0.0793891052222403,0.169115453914494,0.471214370619298,0.123349719865061,0,0.0747276568760677,0,0,0.329975356189093,1.00513998469685
TCGA.DA.A3F8.06A,0.0285641683483222,0,0.15919962098799,0.139756593614526,0.0357593531806406,0.176260827129452,0,0.00401838509069491,0.214286718164771,0.151064770179539,0.0910895633040645,0,0.382675454473363,0.935624081573264
TCGA.D3.A8GK.06A,0,0,0.135488492678796,0.0100017108449166,0.0981085050505143,0.112710378851896,0.316832536066147,0.10117673161008,0,0.217322251374669,0.00835939352297994,0,0.179002249107084,1.05347946677955
TCGA.EB.A553.01A,0,0,0.00882021797658107,0.0462615392871088,0.0777025489131898,0.129035683327507,0.231488858007451,0.109398166590025,0,0.329403080234255,0.0678899056638824,0,0.415326289114275,0.91053916480041
TCGA.FS.A1Z0.06A,0,0.047663677161331,0.329898547927544,0,0.0762807555020148,0.220314585035294,0.0369795391340228,0.0450696808816566,0,0.243793214358137,0,0,0.445720114664507,0.903590815748411
TCGA.EB.A44O.01A,0,0,0.0793885747786743,0.0682754141174331,0.060673952120538,0.10607357086051,0.401339115644785,0.0726929798080539,0,0.165184527117151,0.0463718655528545,0,0.350209093862728,0.972533900078407
TCGA.ER.A3PL.06A,0,0,0,0.112187682552066,0.0581026411577633,0.211319643618933,0.235851833858286,0.0713819396221866,0,0.293965739747992,0.0171905194427726,0,0.321484665113264,0.959121812408328
TCGA.FR.A728.01A,0,0.00854479186637658,0.271070265890429,0.00437466856125247,0.123618723456831,0.281359585041454,0,0.0358887385277363,0.0735514154392116,0.153484590531384,0.048107220685325,0,0.453313901375735,0.901995625065093
TCGA.DA.A1IA.06A,0,0,0.0698277105867527,0.087596623166209,0.111334337150991,0.159382976158999,0.215405573918148,0.0271872094019923,0,0.194363156521102,0.134902413095806,0,0.28983431997453,0.977104050846959
TCGA.ER.A19L.06A,0,0,0,0.0387473231401995,0.0677464379928532,0.255481744936024,0.0571812741584019,0.0622473768674788,0,0.438789943724513,0.0798058991805295,0,0.364639618435103,0.944876888398
TCGA.D3.A5GL.06A,0,0,0,0.141946727716078,0.105474325713629,0.135283070715827,0.457874230798484,0.00721693575502391,0,0.13068999312276,0.0215147161781975,0,0.370290382083031,0.955525791669799
TCGA.EE.A2GR.06A,0,0,0.0763792730022851,0.0335993174753809,0.0795144848065885,0.102013445379607,0.358431356230338,0.0930066785622617,0,0.205451835720104,0.0516036088234348,0,0.260725833806017,1.01049959971175
TCGA.BF.A5EQ.01A,0,0,0.104933753666332,0,0.0790897534218524,0.13788298880695,0.105007226376404,0.107697725130269,0,0.403138322139144,0.0622502304590482,0,0.486336970607089,0.873115460482258
TCGA.EE.A2MU.06A,0,0,0.136614651880709,0,0.129930243473846,0.285764645956631,0.029745727741881,0.0305638857664813,0.116678634272952,0.262826135306864,0.00787607560063559,0,0.511777092303925,0.861648732947874
TCGA.EB.A82B.01A,0,0,0.0945340956033867,0.0277420047332218,0.0428817905360538,0.126956096211472,0.127313195976123,0.0975564859224484,0,0.423480758184038,0.0595355728332567,0,0.430955613874663,0.904506906387793
TCGA.D3.A1Q4.06A,0,0,0,0.0808126998460639,0.0513800197863378,0.134127004101545,0.217859793935048,0.0310409080636457,0,0.45743698388498,0.0273425903823799,0,0.450679995184444,0.894481617102737
TCGA.EE.A29G.06A,0,0.0223554290245032,0.0717388085342463,0.0107345028563353,0.106743771351207,0.198594220592987,0.0592942183669599,0.103109392216946,0,0.38533233168871,0.0420973253681046,0,0.324403018172339,0.958002062048723
TCGA.EB.A5KH.06A,0,0.00313787783019215,0.0382152927277829,0.038934219659312,0.06304982802837,0.0731424983040501,0.278689849872447,0.0916540260035501,0,0.379742486535811,0.0334339210384844,0,0.336535934022356,0.957796059386816
TCGA.WE.AAA3.06A,0,0,0.0582085627347633,0.108093034388237,0.0812495664571776,0.257990425037609,0.136645020356882,0.00487716769509207,0,0.284048701390043,0.0688875219401969,0,0.438952167235708,0.900139370924569
TCGA.DA.A1I1.06A,0,0,0.0670471147577119,0.0648864739389084,0.0544713843451586,0.260356558365057,0.0163730299982723,0.143102837651752,0,0.308224719769864,0.0855378811732755,0,0.462628031478165,0.885790045852105
TCGA.EB.A3XC.01A,0,0,0.152713797425049,0,0.0622874395442558,0.143875738120087,0.236641773199234,0.135700806677788,0,0.216789163046559,0.0519912819870273,0,0.243656118243133,1.01287061650904
TCGA.3N.A9WC.06A,0,0,0.146481787686633,0.141426562933444,0.0588696024810156,0.183357759092005,0,0.0680965022802791,0.0506759458148971,0.259917347092402,0.0911744926193234,0,0.383905971918754,0.927005940641743
TCGA.D3.A8GL.06A,0,0,0.0104398543068695,0.0904853897689364,0.0947800131856191,0.105861656536519,0.465226048250388,0.0856336523880106,0,0.144519100321377,0.00305428524228056,0,0.334554817071456,0.977703029769729
TCGA.WE.A8ZX.06A,0,0,0.196288010474027,0.0762737205850299,0.088057411561247,0.169460867157516,0.106382327329609,0,0,0.356789858097754,0.00674780479481616,0,0.426359101829565,0.90779436360836
TCGA.D3.A51H.06A,0.41947874502696,0.0157567217446749,0.0825404045287687,0,0.0341001061521169,0.0498555727532056,0,0.0330096627307655,0.116389168951006,0.170347340636693,0.0785222774758088,0,0.566154520116465,0.830558327089268
TCGA.FS.A1ZC.06A,0,0.0149815586009069,0.138339409650862,0,0.0975821735619804,0.129920693483878,0.382142305784651,0.12057139742285,0,0.116462461494872,0,0,0.279896198939446,1.0202438628439
TCGA.EE.A2MK.06A,0,0,0.138547534929182,0,0.0550883282851797,0.227112211704911,0,0.0854393830979468,0.126447977167087,0.302749189456472,0.0646153753592222,0,0.38648613308451,0.926491484914604
TCGA.DA.A1I8.06A,0,0,0.0200306151568021,0,0.0978122131756295,0.385366294521101,0.132383286563792,0.103781844193922,0,0.191280746659812,0.0693449997289423,0,0.473332291958354,0.8898824633703
TCGA.D3.A1QA.07A,0,0,0.0322686400947594,0.0794663232413654,0.058323616316997,0.11150428264429,0.367327940234575,0.0471161542254674,0,0.276584507774527,0.0274085354680179,0,0.416879956053046,0.917484596859664
TCGA.EE.A2GH.06A,0,0,0.131163680602838,0.0620157916801896,0.0465919296615971,0.17466857011398,0,0.0707209288383271,0.100192845290407,0.361368175423696,0.0532780783889649,0,0.371965106275433,0.934246530931286
TCGA.EB.A44Q.06A,0,0,0.17916970971156,0.068314059330104,0.114705718109806,0.190883536092724,0.0838005876978435,0.0362243903549267,0,0.22813600480215,0.0987659939008856,0,0.485318696276605,0.875996978883444
TCGA.DA.A95Y.06A,0,0,0.00158923489599429,0.0610360694000497,0.0507270630393356,0.0889818813059377,0.344095167495548,0.0428540661775708,0,0.395902115791884,0.0148144018936795,0,0.436813030557759,0.903475837311836
TCGA.DA.A95V.06A,0,0,0.101432375568028,0.0179714613420128,0.0826998534272857,0.115017438473873,0,0.0557907688598637,0,0.506396611719991,0.120691490608945,0,0.387846180355196,0.935111008120358
TCGA.D3.A3MU.06A,0,0.00549149423503549,0.0891893870070354,0.000477839389069591,0.0830686440199214,0.169458673350402,0.0410182589125461,0.0706156011595212,0,0.463654165245388,0.0770259366810818,0,0.503771901530236,0.864207426926345
TCGA.ER.A19C.06A,0,0,0.0118408088617428,0.0638861903181126,0.0571997577345804,0.20639165590422,0.272439070849591,0.0930022245318315,0,0.250143049069751,0.0450972427301702,0,0.390834251094782,0.926423854587056
TCGA.BF.A3DL.01A,0,0,0.0733304009092377,0.0712810732693773,0.113408813139458,0.163731957657677,0.186917059923023,0.0612607608733088,0,0.222341633942075,0.107728300285844,0,0.30935418509728,0.964249973988533
TCGA.EE.A29H.06A,0.0354428883458471,0,0.101573663300404,0,0.0405909423708862,0.107160219904256,0.20505144576838,0.0773452318682398,0,0.397321940251058,0.0355136681909288,0,0.479401324293094,0.877160144892936
TCGA.EB.A6QZ.01A,0,0,0.0980045707114336,0,0.118814440272036,0.143289208591089,0.291382107009828,0.174019776392949,0,0.156773775194322,0.0177161218283413,0,0.367563976423162,0.945383337946961
TCGA.XV.A9W2.01A,0,0,0.100439126441747,0.0314396474483875,0.0767520082823346,0.113552557238152,0.306175200283009,0.134902421787883,0,0.227239276414124,0.00949976210436119,0,0.0621154244935762,1.1039653420925
TCGA.FR.A8YC.06A,0,0,0.0859968845190364,0.110408476315935,0.0381445599851655,0.168257446199002,0.0610158454631431,0.0256365032560551,0,0.449914890473319,0.0606253937883433,0,0.510149693938056,0.86033675010178
TCGA.DA.A3F3.06A,0,0,0.0462810066417646,0.0501134640221384,0.0625103439177106,0.173086151093822,0.39703503139436,0.0163369571507859,0,0.242411598478954,0.0122254473004645,0,0.385619214379172,0.9422041387182
TCGA.ER.A2NB.01A,0,0,0.0927746805769366,0.021453237577164,0.0839864822845983,0.149861823486636,0,0.22924320261365,0,0.316615085688875,0.10606548777214,0,0.0733706056266755,1.06723097513501
TCGA.EB.A3XF.01A,0,0,0.181293218707813,0,0.11459384174276,0.268468666734871,0.0710188027768809,0.0991227351244301,0,0.150726106413972,0.114776628499272,0,0.316989617922464,0.969270267313923
TCGA.FW.A5DY.06A,0.2621978473297,0.0480656188690687,0,0.0834543948739027,0.055594267106109,0.0846019184385211,0.113254571167974,0,0.0172490835506001,0.300867146255993,0.0347151524081315,0,0.448849022135667,0.896384495423344
TCGA.D3.A3MV.06A,0,0.00394434500905931,0.113043600611034,0,0.0593864368634027,0.231130168349419,0.322889574809888,0.0560411406470948,0,0.198826661348381,0.0147380723617213,0,0.391197459681179,0.944013613889644
TCGA.D9.A3Z3.06A,0.0631588166531084,0,0.050893059615072,0.0281150582658149,0.0383627238272027,0.123616512681737,0.113228365545211,0.0858806390296071,0,0.431917175115598,0.0648276492666486,0,0.493730330508118,0.870605582196377
TCGA.YD.A9TB.06A,0,0,0.00975252702445855,0.0159303680107194,0.0929252074157193,0.167215924742137,0.227084635314777,0.117465228407505,0,0.326258201692128,0.0433679073925557,0,0.522770197998521,0.853582466266641
TCGA.FS.A1ZP.06A,0.0429905799965651,0.0174498791837508,0.0116439367490344,0.0740611755051821,0.0851204312051045,0.278358593502685,0.12849232908362,0,0,0.329773920234082,0.0321091545399759,0,0.451449493926405,0.89275053852935
TCGA.FS.A1Z4.06A,0.150860528359038,0.037166472591224,0.0218496643494462,0,0.0695966819975536,0.113816669954709,0.211415678129031,0.0497940477640315,0,0.255465388873366,0.0900348679816005,0,0.424973244370197,0.904329938331876
TCGA.D3.A1Q1.06A,0,0,0,0.096531442841242,0.0670861059131017,0.192720284212978,0.329972739684227,0.0302692136743537,0,0.26929497004725,0.0141252436268482,0,0.299428997461013,0.975762256494102
TCGA.RP.A693.06A,0,0,0.129472171736571,0.0153456550801008,0.047604066745114,0.205542705078189,0.061383365300059,0.0687637364699938,0,0.436490840644391,0.0353974589455806,0,0.490498711178376,0.870794607956903
TCGA.ER.A19J.06A,0,0,0.0732950559548373,0.0293560225019905,0.0765470426873966,0.263898514318116,0.158217823550931,0.0764766869785513,0,0.286379832194858,0.0358290218133191,0,0.388052384105504,0.928463114809649
TCGA.D3.A3ML.06A,0,0,0.0417191248781351,0.0508535746714986,0.0790438023965882,0.108281591109779,0.38292165970468,0.104117115177553,0,0.233063132061766,0,0,0.300122411795651,0.984810803175896
TCGA.EE.A2GB.06A,0,0,0.0235327389796898,0.0651806901333978,0.0650102293309654,0.124340518318876,0.225288019864705,0.0854686263947115,0,0.358731964041835,0.0524472129358194,0,0.414784399617677,0.911597663489467
TCGA.D3.A5GN.06A,0,0,0.0460919445992814,0.0473665527727202,0.0538291698851268,0.148538559825722,0.252260514084324,0.0638936848645071,0,0.388019573968319,0,0,0.471834155694352,0.881605334379235
TCGA.FS.A1ZT.06A,0,0,0.150162326286105,0.134155862711211,0.0784759960781947,0.163589743011893,0.0326304113744199,0,0,0.390677344071481,0.0503083164666955,0,0.404633244215797,0.917366537717648
TCGA.ER.A19M.06A,0,0,0.240135231444301,0.0523200955702155,0.0499273490653502,0.27505373616567,0.168780301512485,0,0,0.213783286241978,0,0,0.570354188251236,0.835498194393901
TCGA.EE.A20I.06A,0,0,0.0742167147113966,0,0.081600731463139,0.145407903458903,0.195238381047202,0.140189119721441,0,0.315216817498744,0.0481303320991751,0,0.475208116939801,0.879260384564593
TCGA.EE.A185.06A,0,0,0.0782909082654977,0,0.0457466147807145,0.0654654380511816,0.348572634647959,0.0843010024501962,0,0.349571405217883,0.0280519965865676,0,0.316351304916104,0.97996036079019
TCGA.ER.A19H.06A,0,0,0.0829438932336978,0.113565327924797,0.0868215541248363,0.19742683265743,0.217893608000652,0,0,0.297949649088936,0.00339913496965009,0,0.459546461518029,0.889942526175756
TCGA.EB.A5SE.01A,0,0,0.0219260293221533,0.0351063533540924,0.0624060732169569,0.0727866286226835,0.280724218898428,0.0751600549055119,0,0.451890641680174,0,0,0.49017932264781,0.872214423201038
TCGA.GN.A267.06A,0,0,0.160960817218072,0.0755807880574902,0.0832446762506642,0.124702685796521,0.114032164199394,0.0193384676602222,0,0.360422066421344,0.0617183343962923,0,0.460555770644443,0.887425762787716
TCGA.EE.A3JE.06A,0.0355888373379471,0,0.110018894274373,0.145264449490898,0.0338211446537853,0.16720722514164,0,0,0.202940803037764,0.25123277916696,0.0539258668966326,0,0.322278363113704,0.960420454604672
TCGA.BF.A9VF.01A,0,0,0.00964099342515363,0.122983932842808,0.115129769366065,0.11331305395458,0.34489761527236,0.0457459033029291,0,0.212460710505124,0.0358280213309803,0,0.240732797262333,1.00576470651411
TCGA.FS.A1ZA.06A,0,0,0.0232310062766151,0,0.0501055229181596,0.1438847215173,0.194148338804405,0.111186953980519,0,0.467960495621015,0.00948296088198728,0,0.508944760867763,0.860560612638977
TCGA.D3.A5GS.06A,0,0,0.10687051639397,0.0968295741514226,0.0944364280903132,0.256601944367127,0.0408305826600268,0.0894181397171714,0,0.22214333519242,0.0928694794275486,0,0.461864435804408,0.887238025316344
TCGA.QB.AA9O.06A,0,0,0.158940717243486,0.110134971803982,0.0782182230478466,0.194904291209858,0.0442952970299955,0.050988254392002,0,0.305158347777292,0.057359897495538,0,0.419441396259903,0.908629090482562
TCGA.FW.A3TU.06A,0,0,0.0273356424002176,0.070758330825129,0.0445749417641104,0.148446214372708,0.115125267186953,0.0624980787656012,0,0.460483090905498,0.0707784337797825,0,0.462688534955419,0.888324433907741
TCGA.ER.A19O.06A,0.0154819845820479,0,0,0.078779451672491,0.0669019805837998,0.357591196862292,0,0.0538261461845245,0.0898064623945871,0.197272365258273,0.140340412461985,0,0.404659585564093,0.922258473841578
TCGA.D3.A8GP.06A,0,0,0.0229536693842253,0.165345101103352,0.0684881492658655,0.120919705972685,0.353446118390808,0.0275111402560015,0,0.206045243229433,0.0352908723976306,0,0.34096299088181,0.96030287412606
TCGA.EE.A2MQ.06A,0,0.0402672838320748,0.130814687040242,0,0.0921506108641512,0.159153317273825,0.181130027865896,0.0126629311187047,0,0.347048474537309,0.0367726674677969,0,0.471388133536195,0.882260299329943
TCGA.D3.A2J6.06A,0,0,0.212244471198154,0.0225748120494811,0.123948036001479,0.173099521129603,0.175574392577768,0.0635146528033131,0,0.194029545970082,0.0350145682701192,0,0.489609196421653,0.878381328995159
TCGA.GN.A4U4.06A,0.0133865010717447,0.00387866830243285,0.0901451377119662,0.0391185783972772,0.0541638288461612,0.085190852421625,0.30011488911349,0.0762360064516334,0,0.29428921242266,0.0434763252610097,0,0.330331359189121,0.965162567492996
TCGA.D3.A2J9.06A,0.0816279841871737,0,0.0851330617755274,0.110486884336158,0.0505461652412674,0.15631525159686,0,0,0.295159942909404,0.151219104174349,0.0695116057792613,0,0.316054644227175,0.964587010534523
TCGA.EE.A2MI.06A,0,0,0.0349052119412105,0.15280546200686,0.0843131009279897,0.386262004338797,0,0.0347597749378491,0.0512618145358062,0.182636077335751,0.0730565539757362,0,0.538550313883715,0.844803716570463
TCGA.D3.A8GJ.06A,0,0,0.194606442319913,0.11976782580152,0.0499083578558833,0.155464211393691,0,0.0650295263252058,0.0667956491334413,0.263639822283891,0.0847881648864542,0,0.242449715153983,1.00129506462428
TCGA.GN.A9SD.06A,0.105825236840242,0.107730684552161,0.127322073016143,0.000108360081248622,0.0683596767508951,0.123667968621641,0,0,0,0.292655139783878,0.174330860353791,0,0.48355742366435,0.876874760062541
TCGA.ER.A197.06A,0,0,0.197284092089481,0.0416960742664234,0.106088488421152,0.343314134718511,0,0.00773299003261455,0.121770887927283,0.126768434179093,0.0553448983654417,0,0.520556412910394,0.864501393532363
TCGA.GN.A4U9.06A,0,0,0.152201596557144,0,0.0690737156362671,0.144506747590685,0.438802696415085,0.0199327981152234,0,0.15437020151037,0.0211122441752258,0,0.415207656598624,0.952676480113489
TCGA.EE.A20C.06A,0,0,0.0179250576806689,0.0493542015505551,0.0791282317025898,0.187586697104212,0.318932999139044,0.14285852417396,0,0.170947519154279,0.0332667694946913,0,0.249158955415349,1.00301746888724
TCGA.D3.A3C3.06A,0.0256435563310786,0,0.120098795141119,0.0163036443975916,0.0485499620782798,0.165086142664789,0.277241549528374,0.0856142895752868,0,0.23292595092943,0.0285361093540512,0,0.441076906878726,0.904694930736697
TCGA.FS.A4FD.06A,0,0,0.039070395340491,0.0247540815155865,0.108047951150986,0.12954184870649,0.352359858106541,0.103709882681488,0,0.221685569160805,0.0208304133376121,0,0.400818022251067,0.925150057532919
TCGA.EE.A3JI.06A,0,0.0273305722660103,0.127616634251952,0.00194457768483046,0.0814360787258046,0.167412104373926,0.22999015324447,0.09955843245641,0,0.215535284400038,0.0491761625965577,0,0.300661864422059,0.977091473098644
TCGA.EE.A3J8.06A,0,0,0.107095823129395,0,0.17713895050911,0.192083502121535,0.263593301382612,0.0187904887888888,0,0.174988899619856,0.0663090344486045,0,0.374769025624634,0.942544584067961
TCGA.EE.A20B.06A,0,0,0.0219529679992893,0,0.0719678876828945,0.174194107860829,0.0680881507748814,0.149340885232692,0.0515360877977379,0.420861624982524,0.042058287669152,0,0.490651991410522,0.872092018134879
TCGA.BF.AAP8.01A,0,0,0.0256455196122184,0.0528229042014729,0.125201554135866,0.197101830410675,0.128832605800599,0.097803568537797,0,0.32006716558206,0.0525248517193108,0,0.455827952926967,0.889193269542668
TCGA.FR.A44A.06A,0,0,0.0860070603950661,0.180422065955622,0.0475037655783013,0.303318148550046,0,0.0127083554687212,0.225014082343174,0.0873248058750181,0.0577017158340507,0,0.531816681958356,0.85042144032765
TCGA.EE.A29E.06A,0,0,0.0180988791508026,0,0.112581751530801,0.118891629996529,0.399088453472511,0.140285912734396,0,0.169307180424819,0.0417461926901418,0,0.295098848932492,0.986829634898782
TCGA.EE.A2MC.06A,0,0,0.0758895380747233,0.11270338211191,0.0684263746958678,0.274936028194054,0,0.0171887837411289,0.14880739711897,0.246603246869405,0.0554452491939408,0,0.450077367610806,0.89355456084789
TCGA.ER.A3ET.06A,0.0136074909262012,0,0.0600540108384567,0,0.053448402535051,0.301174295412926,0.12455676508445,0.0374979981595145,0,0.324502293335356,0.0851587437080446,0,0.560836712357482,0.83116928063101
TCGA.EE.A2MG.06A,0.157697591164477,0.133371147802758,0,0,0.0983285419154467,0.126008344379102,0.0362298778966864,0,0.118354724122351,0.251979700823395,0.0780300718957835,0,0.539238157510937,0.851496698101051
TCGA.D3.A2JN.06A,0,0,0.0750322621809045,0.00644049024531682,0.0324442417443529,0.109769384673033,0.0745715853520863,0.114103828491804,0,0.533789704233292,0.0538485030792106,0,0.516542269140658,0.860091578038444
TCGA.EB.A3XE.01A,0,0,0.123305489331721,0.00484610406178563,0.120545947543239,0.133988010786318,0,0.123056090643093,0,0.370326165297951,0.123932192335893,0,0.238359013008059,0.997660292030558
TCGA.ER.A19W.06A,0,0,0.215603155792698,0.143486158567232,0.075712278969084,0.26203206833832,0.0656535332855964,0,0.0698703435296684,0.116744360063814,0.0508981014535872,0,0.47093553555969,0.892676706168579
TCGA.BF.A1PZ.01A,0,0,0,0.0667787448566032,0.0890152711264326,0.128825396045977,0.342440842976779,0.0947379579386101,0,0.278201787055598,0,0,0.471733971869842,0.882421679788005
TCGA.D3.A8GD.06A,0.0764514438855761,0,0.0310152230196001,0.0310679235978283,0.0658949812139758,0.142367302463057,0.0419339658023311,0.000898474980050952,0.260612099990456,0.296654672500022,0.0531039125471018,0,0.460316615701926,0.887315232011347
TCGA.D3.A8GR.06A,0,0,0,0.0527769592177137,0.0981686476210255,0.139200680121448,0.272111044304878,0.179708997659599,0,0.192871803444216,0.0651618676311198,0,0.105044011280468,1.06014897537526
TCGA.EE.A3AB.06A,0,0,0.00329231535471286,0.0529959011692958,0.033801058491355,0.408905187045616,0.0507009359993629,0.0123405021609947,0,0.371931779053353,0.0660323207253093,0,0.543872749077918,0.841888339978782
TCGA.D9.A148.06A,0,0,0.0790521414876091,0.0176545261193721,0.0661787364919716,0.119780147639674,0.0806514780300933,0.109227303206924,0,0.446277134913016,0.0811785321113398,0,0.57383234596959,0.823805699450684
TCGA.EB.A6R0.01A,0,0,0.189553005895252,0.10111952413078,0.0652020521175982,0.20952528410305,0.171666581254316,0.0178712746330201,0,0.216647602415024,0.028414675450959,0,0.50646506323855,0.868086088226133
TCGA.D3.A3CB.06A,0.061704611847869,0,0.105238769501237,0.0864839741677744,0.0583058081673725,0.187582547624168,0,0,0.135579998588119,0.284272562762196,0.0808317273412638,0,0.290742721836975,0.969766658906745
TCGA.EE.A2GK.06A,0.435653044295757,0.102833852283471,0.0516263857937178,0.0582179763378148,0.0867353235133603,0.0492945262246652,0.0159328040341575,0,0.0707132446250145,0.0535586423811795,0.0754342005108625,0,0.561055900828221,0.833395910145897
TCGA.EE.A181.06A,0.0366068730236595,0,0.192922484961716,0.0788978798948132,0.0600911679418518,0.178516798529132,0.0780947963273202,0.00338569029258102,0,0.314169088040708,0.0573152209882185,0,0.333471691497508,0.953747605415373
TCGA.ER.A2NE.06A,0,0,0.111557229895452,0.0105065688098978,0.055341341387933,0.103180889148785,0.403509471327072,0.105335471778833,0,0.169941171428,0.0406278562240271,0,0.3167882952202,0.998780075512429
TCGA.WE.A8K5.06A,0,0,0.117419856237326,0,0.0974447687265223,0.157557656184668,0.313362189539112,0.110559623672679,0,0.18258452823693,0.0210713774027632,0,0.481129247462129,0.885099282212615
TCGA.DA.A1IC.06A,0,0,0.0375327302219142,0.12241872771147,0.110774369404471,0.177733365794418,0.218343773384561,0.0829266910477226,0,0.200194754024372,0.0500755884110711,0,0.38152209400197,0.928860267006723
TCGA.D3.A51G.06A,0,0,0.213542413424375,0,0.0900506802569459,0.154863736497521,0.258255916768992,0.140795716958739,0,0.105213436597549,0.0372780994958769,0,0.303698579065009,1.001920280134
TCGA.BF.A1PV.01A,0,0,0.0941889712845075,0,0.0618145071036312,0.0945235206984227,0.332035290053464,0.0917431563346261,0,0.324315503012753,0.0013790515125963,0,0.276043587464777,0.998859841697673
TCGA.FS.A4FB.06A,0,0,0.0196135397470434,0.0599285514910498,0.0790206459772191,0.107274689506078,0.385098394577759,0.0767469540266364,0,0.207572376821237,0.0647448478529777,0,0.23925178101405,1.01681165720528
TCGA.BF.A1Q0.01A,0,0,0.100130167698722,0.0503364986653457,0.0838859067830339,0.113098564007807,0.309851688204505,0.0728923746319223,0,0.269804800008664,0,0,0.381595121586061,0.937528586866972
TCGA.FS.A4F8.06A,0.0993871436391448,0.174506777792711,0.057728652888941,0.0676968575695676,0.0646270836184015,0.109129541960119,0.0339794272337279,0,0.0289175045401764,0.282023272907148,0.0820037378500626,0,0.349384209313273,0.942989435536455
TCGA.FS.A1ZY.06A,0,0,0.0829943740038361,0,0.124961998381261,0.129269876871694,0.324566624181742,0.146261499865663,0,0.132565756508852,0.0593798701869523,0,0.238804293086563,1.01763598403
TCGA.ER.A19E.06A,0,0,0.0871565177194264,0.0676088423647162,0.0493658045751396,0.159745195083391,0.386251313479026,0,0,0.2498723267783,0,0,0.343360915625889,0.971230105133104
TCGA.GN.A26D.06A,0,0,0.0751714220608267,0.0660781899376438,0.06417667443546,0.116687257277686,0.242187147384981,0.093620215051354,0,0.292189580133801,0.0498895137182479,0,0.369202345836765,0.937865485263278
TCGA.D3.A3MO.06A,0,0,0.128166843895577,0,0.109123230101559,0.178948393523028,0.249832796344445,0.109417465645603,0,0.150933183143925,0.0735780873458632,0,0.249440462848384,1.00893774907203
TCGA.EE.A2GJ.06A,0,0,0.0618069417500414,0.156979566190921,0.0825648174098451,0.403895662852942,0.182614073624273,0,0.0118280360466481,0.0992635324999715,0.00104736962535801,0,0.518815304189235,0.872915430915457
TCGA.D3.A3C6.06A,0,0,0.0918314385531354,0.0340804390334633,0.106621084579898,0.145448430934878,0.398571779795002,0.0588161802935523,0,0.12418505095402,0.04044559585605,0,0.345140149757043,0.976172302397319
TCGA.3N.A9WD.06A,0.0317338187348851,0,0.0254856053838671,0.0596300096751579,0.0728767428199631,0.114276973836925,0.0916198766434255,0.100083432652702,0,0.461415782875452,0.0428777573776227,0,0.464008014830267,0.889513918766732
TCGA.D3.A2JC.06A,0,0,0.0852359389221325,0.0847912174432251,0.0668812532534425,0.215812739113898,0.111192887908914,0.0350413556005847,0,0.310601144094996,0.0904434636628071,0,0.479868998056278,0.876984356828624
TCGA.FR.A7UA.06A,0.023082010287681,0,0.114006933411263,0.1947624815622,0.0227046728019139,0.168039809154176,0,0,0.25294455805636,0.154859371103822,0.0696001636225853,0,0.301690511966473,0.983400470008729
TCGA.GN.A26A.06A,0,0,0.129445086125682,0,0.0768701747862499,0.384009859593907,0.00610694918682391,0.156739321652723,0.00969407119288866,0.160037865059757,0.0770966724019675,0,0.463589098729051,0.895083839565987
TCGA.D3.A1QA.06A,0,0,0.00907367208372354,0.159129331870857,0.0778362230902656,0.135031706399298,0.282269595930715,0.0326294775416018,0,0.249264709472384,0.0547652836111556,0,0.377888065178369,0.931980929572324
TCGA.D9.A6E9.06A,0.00863615680584134,0,0.120957822252443,0.109500323977762,0.054154946897308,0.215551285013727,0,0.00321339140402055,0.177705050565368,0.212578202505877,0.0977028205776529,0,0.415306614547025,0.912582274335233
TCGA.EE.A184.06A,0,0,0.0581384218759761,0.0940021713907244,0.048474404067649,0.15946229418136,0.13357768061757,0.0519385997072754,0,0.388360807691801,0.0660456204676442,0,0.28939271756756,0.975909929339397
TCGA.DA.A95W.06A,0,0,0.0896247742386591,0.0704148485035418,0.0703342244286463,0.130882247161703,0.23291024793629,0.0433068848722234,0,0.361082225326567,0.00144454753236988,0,0.482849832819003,0.87550361858281
TCGA.EB.A3Y7.01A,0,0,0.0423150642877588,0.091986423983211,0.0904278175702757,0.115769198889719,0.336753334114762,0.0219732435680877,0,0.245385401411186,0.0553895161750004,0,0.280348761220701,0.989557494922157
TCGA.EB.A97M.01A,0,0,0.0889488863050811,0.0304033603839953,0.0941119873573138,0.184846876324165,0.133337426146524,0.0884886105161465,0,0.310895009721513,0.0689678432452612,0,0.454788062959888,0.890145726112286
TCGA.EB.A6L9.06A,0.126617245199921,0.0193320618077749,0.0894055353523502,0.0047593714972944,0.0922487310141047,0.0841264441828167,0.0450379458959669,0.11192559904181,0,0.357097222411357,0.0694498435966046,0,0.492710616741667,0.873234745286576
TCGA.BF.A3DN.01A,0,0,0.0127553585201666,0.0676323839336353,0.0805150272744121,0.224394377335339,0.324121407096278,0.0729920996861951,0,0.200935845185072,0.0166535009689016,0,0.290001868030966,0.983726273875768
TCGA.EE.A29B.06A,0,0,0.205320798419928,0,0.105250779136313,0.211824411005556,0.26482976607299,0.031540870484543,0,0.077964954492653,0.103268420388018,0,0.359578543619031,0.975673652381954
TCGA.GN.A4U8.11A,0.177729340605936,0,0.103060152268892,0.079078461648601,0.0649726461436515,0.16272154090052,0.00634498821022055,0,0.150213533207835,0.167835408307338,0.0880439287070049,0,0.3680134137936,0.930781951442408
TCGA.FS.A4F9.06A,0,0,0.0329692193401843,0.0707814468721111,0.0767362620045088,0.105978042240192,0.362441116431572,0.0812515685222113,0,0.17301579624402,0.0968265483452015,0,0.321489964067255,0.974897468790621
TCGA.EB.A41A.01A,0,0,0.0268670853210051,0.0967052710218657,0.0716782564794967,0.105011376002582,0.210673761886411,0.111871996804769,0,0.322458430244764,0.054733822239107,0,0.321153086460068,0.959073050532656
TCGA.Z2.AA3S.06A,0,0,0.0457839713254693,0,0.0898394130223735,0.134140903558723,0.275677490571852,0.123798659393383,0,0.247508716959568,0.083250845168631,0,0.502915189116616,0.865276284975074
TCGA.EE.A2GC.06A,0,0,0.0458815576713609,0.113004384169729,0.0842055621267451,0.184621483522574,0.0174311792456873,0.0799975720577095,0.0544509312907284,0.390875038885002,0.029532291030464,0,0.419265666243437,0.910656886371975
TCGA.D3.A2JA.06A,0,0,0.0318971258502678,0,0.0986021475464793,0.342321344434691,0.0944344519812699,0.152439568992086,0.0607180950356391,0.205429660543122,0.014157605616445,0,0.503210803663964,0.867215112329728
TCGA.EB.A430.01A,0,0,0.124465889074892,0.0174709992504348,0.0376685836560374,0.0716928727611158,0.151618098861281,0.0994253333427779,0,0.46506095633226,0.0325972667212012,0,0.431360613244879,0.90827645602898
TCGA.EE.A17Y.06A,0,0,0.0270498076955758,0.0558007450542285,0.0663207157607421,0.106987017178366,0.2531336718624,0.0643710708201179,0,0.397845977410201,0.0284909942183689,0,0.440876805135566,0.898847584327619
TCGA.EB.A5SG.06A,0.00356079447907582,0,0.170072054223648,0.0602618336477555,0.0303039904307232,0.172677309271503,0,0.0402796981802461,0.160828000929643,0.300339304010474,0.0616770148269316,0,0.325010173168924,0.961027287058395
TCGA.YG.AA3N.01A,0,0,0.113590057287482,0.200870787937835,0.0695168491334162,0.203966395258156,0,0.0457815128176412,0.0519000274146013,0.216184699322144,0.0981896708287251,0,0.379063605345039,0.929675712736615
TCGA.DA.A1HW.06A,0,0,0.118097499972874,0.0737495426770138,0.0971120220857322,0.164587339382752,0.0773647976953061,0.0597029687477985,0.0144888481518572,0.339555355033977,0.0553416262526894,0,0.427306181657102,0.904153802663953
TCGA.EE.A29Q.06A,0,0,0.0226656780226187,0.0212964837634847,0.0522169866220394,0.156604115961756,0.288878327464321,0.0956159252605554,0,0.360117935569061,0.0026045473361635,0,0.417988639471251,0.911856477710261
TCGA.EE.A3J5.06A,0,0,0.134554388516856,0.0661881625720996,0.0960942715963014,0.186302744868307,0.113126960531478,0.0475253670938678,0,0.303122547077401,0.0530855577436897,0,0.424526247091704,0.906593838912719
TCGA.FS.A1YY.06A,0,0,0.0331370244251829,0,0.114779533715608,0.212454739622928,0.222453022007715,0.161421444571808,0,0.182971378561829,0.0727828570949302,0,0.397199983922217,0.92235000881579
TCGA.DA.A3F2.06A,0,0,0.00751406639459828,0.105091955707725,0.037913807878272,0.240809699947443,0,0,0.197332261066628,0.381509207414506,0.0298290015908291,0,0.344571829456659,0.952138118422351
TCGA.BF.A5ER.01A,0,0,0.0530505016922748,0.0779197797464826,0.123231370465453,0.146100877579421,0.287560409519785,0.031706663116965,0,0.192509621891703,0.0879207759879158,0,0.313059941509823,0.968913012870102
TCGA.IH.A3EA.01A,0,0,0.0164539675406482,0.133935915688971,0.109394563473885,0.21791822189502,0.300942703112981,0.027893600734117,0,0.174261033819104,0.0191999937352741,0,0.364465542719893,0.944013157678227
TCGA.D3.A51T.06A,0.0321844799920778,0,0.110849079890885,0,0.0398505344381268,0.164468559684678,0.138480614132691,0.0568490111261673,0,0.394184128679823,0.0631335920555506,0,0.498865354834146,0.865872783645771
TCGA.RP.A694.06A,0,0,0.108173513255178,0.035803261577785,0.0530753164255762,0.202292126892302,0.186139036579818,0.0216060900971581,0,0.385269530453647,0.00764112471853544,0,0.395337663504448,0.926043560722396
TCGA.GN.A265.06A,0,0,0.0187875124142344,0.0565195083135575,0.0608775172910534,0.235487574955397,0.108189136081497,0.0269711602828125,0.00398310743060543,0.419540402429203,0.0696440808016406,0,0.471764259030398,0.881611535469661
TCGA.EE.A2MS.06A,0,0,0.0460377519952937,0.137757392280601,0.0501905855679117,0.150752986271154,0.25861919966406,0,0,0.349398748369297,0.00724333585168156,0,0.361409444974687,0.942515811345821
TCGA.EB.A3XD.01A,0,0,0,0.155419719610811,0.0903100459353504,0.177515868175586,0.0661704404826045,0.123842240476802,0,0.256086953674664,0.130654731644182,0,0.307269448628062,0.962152988259205
TCGA.ER.A194.01A,0,0,0.121161675407952,0.0809114405306803,0.141660383656215,0.220558528651258,0,0.133560543085226,0,0.152975985225693,0.149171443442976,0,0.334389459602783,0.950411872192094
TCGA.EE.A3J4.06A,0,0,0.112724201852631,0.031173761233235,0.0956777708214943,0.179224702758949,0.234842510455969,0.125734168710018,0,0.205553782993071,0.0150691011746327,0,0.356516593696902,0.947650078401361
TCGA.EE.A2MH.06A,0.101234827220496,0,0.14674875187159,0,0.063506324176219,0.127962038342334,0.0414228944323011,0.0398692680352368,0,0.355796750372832,0.123459145548991,0,0.566750478098183,0.830523160268611
TCGA.D3.A8GO.06A,0.106438475218518,0,0,0.0290760364037792,0.0361655165207824,0.0669833352760488,0.0516644008923755,0.0336204707083278,0.000415847467125566,0.607487515983868,0.0681484015291749,0,0.465509020727323,0.908681950334639
TCGA.D9.A3Z4.01A,0,0,0.0112001362404429,0.0433507671241579,0.0714622056857779,0.170983111831008,0.145889221899999,0.140369048170064,0,0.364192360190616,0.0525531488579345,0,0.493576936946975,0.869516528832288
TCGA.GN.A266.06A,0,0,0.0718805250218357,0.102971327270994,0.0662611124589191,0.347668519838288,0.117812962900547,0.0365360475880911,0,0.226461854914609,0.0304076500067152,0,0.438963207767272,0.906838255747845
TCGA.GF.A6C9.06A,0.0968833400520484,0,0.063388439199609,0,0.0534798973059143,0.195341667637254,0.0840999220792821,0.0971940247788563,0,0.354839851322924,0.0547728576241122,0,0.472477724559495,0.880688339952534
TCGA.FS.A1Z3.06A,0,0,0.0238173423027108,0.0533767308882373,0.0942160590636604,0.162899437218207,0.347662911733184,0.0699362090516495,0,0.195668311549553,0.0524229981927975,0,0.288624011772399,0.985105375467485
TCGA.ER.A19G.06A,0,0,0.0155799425026344,0.0711992031136164,0.0559676161992739,0.218304390991935,0.250794962763849,0.145606054071644,0,0.242547830357048,0,0,0.441210120059924,0.899370239526784
TCGA.EB.A5UL.06A,0,0,0.185618470822683,0.0700773542021768,0.0544382751369512,0.0998492873633402,0.0844442944394033,0.0508786084648223,0,0.351292056366398,0.103401653204225,0,0.411736761606772,0.91515494508303
TCGA.FW.A3R5.06A,0.00526885825547309,0,0.0395234068724005,0.0497838895211563,0.0572403468195332,0.12662859458328,0.400175452717171,0.0686590616276223,0,0.251295660800661,0.00142472880270317,0,0.500346348328845,0.870625120353239
TCGA.EB.A42Z.01A,0,0,0.0520784416635656,0.0439924151414792,0.086773476862858,0.184547066224407,0.232189879628904,0.0951200170725538,0,0.24924166041109,0.0560570429951424,0,0.403377527469613,0.918749878189753
TCGA.EE.A2MP.06A,0,0,0.100595780609445,0.120173256414812,0.0809546064439958,0.370537448673683,0.106033394923356,0,0,0.108423497407019,0.113282015527689,0,0.536772209138899,0.855559790750957
TCGA.D3.A1Q3.06A,0.00300524078545228,0,0.00876261831557022,0.0909232688685181,0.0809832333461173,0.162370808263,0.147641701506343,0.0514324776539086,0,0.3281339531909,0.12674669807019,0,0.487678165527225,0.872662162937096
TCGA.FS.A1ZZ.06A,0,0,0.00220209005923645,0.0807327007387621,0.0745375176076982,0.103339312588057,0.304658921280257,0.0355040840925118,0,0.399025373633477,0,0,0.31736970205389,0.966881310849461
TCGA.EB.A82C.01A,0,0,0.0314785394362162,0.0376342600394268,0.0399075411272369,0.0516393041459153,0.355935024038896,0.0373109427247879,0,0.446094388487521,0,0,0.332528068973776,0.971811530848905
TCGA.D9.A1JX.06A,0,0,0.00720219187682557,0.192915538330967,0.0672032494571986,0.1719257410926,0.232069370960669,0,0.0340309177395704,0.277362155118427,0.0172908354237432,0,0.422089711900518,0.90786139042961
TCGA.EE.A29X.06A,0,0,0.0435640433553203,0,0.0897865951139141,0.206458153509881,0.125979483930632,0.174091624015959,0,0.309333609804897,0.0507864902693971,0,0.382761399407899,0.926159513934726
TCGA.D9.A4Z3.01A,0,0,0.0300327733706571,0.0585976950098953,0.0550115385839443,0.253861334806821,0.378631599624191,0.0963949395230607,0,0.10340880943551,0.0240613096459204,0,0.367373539222215,0.96183377660135
TCGA.EE.A183.06A,0.0927560611457946,0.00163938702032214,0.0794359521581632,0,0.108272672842196,0.112847404869371,0.134508385779271,0.0947643583030677,0,0.287745275923837,0.088030501957977,0,0.444353662363229,0.895003877155038
TCGA.D3.A1QB.06A,0.0209438551922546,0,0.164054728366142,0.0945211776160536,0.0606108822235722,0.173949369165456,0,0,0.174682862986585,0.25017269990294,0.0610644245469973,0,0.358930931655546,0.941519557603249
TCGA.EE.A3AH.06A,0,0,0.0463200775780943,0.0277720649236203,0.0416039275316132,0.153860623117415,0.339749175289112,0.0386248860971014,0,0.346195468770882,0.00587377669216179,0,0.330278409601374,0.965857735141907
TCGA.EB.A41B.01A,0,0,0.0410902527355056,0.143302048999934,0.087709793256432,0.151668047317001,0.320680972374711,0.0270245359574327,0,0.160245043991328,0.0682793053676564,0,0.430634007976605,0.910578699557274
TCGA.WE.A8ZT.06A,0,0.0124722599860983,0.001030796507411,0.0571572630897634,0.0647551335103764,0.156075518817072,0.321629363461406,0.0213841547064634,0,0.343094517894611,0.0224009920267985,0,0.281594716711557,0.983923487359805
TCGA.EB.A4IS.01A,0.100431460262163,0,0.143214993725792,0.0242292744986432,0.0681219640102519,0.136190814063957,0,0.03150167744225,0.0616909437585756,0.376103086683682,0.0585157855546857,0,0.360406542012264,0.938449359309391
TCGA.EE.A3AG.06A,0,0,0.102803473095208,0.0512829242859107,0.0824350166165264,0.134881658576215,0.346884961323554,0.0768205686119101,0,0.180617700483986,0.0242736970066907,0,0.329672221811934,0.975513665978635
TCGA.DA.A1I4.06A,0,0,0,0,0.103711817702121,0.483886092745367,0.216299850885113,0.0710052243972799,0,0.11635702313191,0.00873999113820914,0,0.627938102929793,0.802513052268992
TCGA.GN.A8LL.06A,0,0,0.0561286837245356,0.051730531777691,0.0669865711771069,0.0571931426052568,0.164704086294511,0.0579655887514047,0,0.524602575727892,0.0206888199416019,0,0.482059591952356,0.881365946170036
TCGA.EE.A3J3.06A,0,0,0.0738314109035007,0,0.0785059910392909,0.183286057174246,0.272011848220171,0.0828124060590666,0,0.284950305310366,0.0246019812933583,0,0.476227331547106,0.882023587116612
TCGA.EB.A51B.01A,0,0,0.0731394166321683,0.0855156375730176,0.0771673484264159,0.126170469035781,0.386633448392446,0.125983150518322,0,0.0834573490093547,0.0419331804124948,0,0.269460872918251,1.02308632883642
TCGA.D3.A8GC.06A,0,0,0.0593225703318024,0.0268556728646507,0.0331619574900353,0.192290507501218,0.180522920076138,0.0597125601737394,0,0.413678040843919,0.0344557707184977,0,0.467928979527055,0.883787016423422
TCGA.BF.A5EP.01A,0,0,0,0.117489284573453,0.0999698540343634,0.143215026137488,0.387784883896078,0.0602162486480637,0,0.184916087187104,0.00640861552344957,0,0.343036749181908,0.958110591710434
TCGA.W3.AA1Q.06A,0,0.0963116080378247,0.104831914927371,0,0.102734506183776,0.163912935084583,0,0.00652270858502975,0.0647753198491483,0.390229362763108,0.0706816445691599,0,0.41700014980654,0.911019839599479
