sample	key	pepprmint_mut	pepprmint_ref	Patient	Func.ensGene	Gene.ensGene	ExonicFunc.ensGene	AAChange.ensGene	key
Pt106_pre	11:117282105:C:T	0.90574	0.30916	Pt106	exonic	RNF214	nonsynonymous SNV	RNF214:ENST00000530849.1:exon10:c.C1082T:p.S361F,RNF214:ENST00000300650.8:exon11:c.C1547T:p.S516F,RNF214:ENST00000531287.5:exon11:c.C1082T:p.S361F,RNF214:ENST00000531452.5:exon11:c.C1547T:p.S516F	11:117282105:C:T
Pt65_pre	11:28330522:G:A	0.903533333333333	0.470933333333333	Pt65	exonic	METTL15	nonsynonymous SNV	METTL15:ENST00000407364.7:exon7:c.G905A:p.G302E	11:28330522:G:A
Pt94_pre	11:46680540:T:A	0.913566666666667	0.399792666666667	Pt94	exonic	ARHGAP1	nonsynonymous SNV	ARHGAP1:ENST00000311956.8:exon9:c.A767T:p.Q256L	11:46680540:T:A
Pt4_pre	11:6026834:G:A	0.922113333333333	0.429749333333333	Pt4	exonic	OR56A1	nonsynonymous SNV	OR56A1:ENST00000316650.5:exon1:c.C871T:p.P291S	11:6026834:G:A
Pt54_pre	11:60308170:G:A	0.92656	0.306006666666667	Pt54	exonic	MS4A4A	nonsynonymous SNV	MS4A4A:ENST00000532114.5:exon6:c.G553A:p.E185K,MS4A4A:ENST00000337908.4:exon7:c.G712A:p.E238K	11:60308170:G:A
Pt7_pre	11:60416413:C:T	0.90366	0.0413505333333333	Pt7	exonic	MS4A14	nonsynonymous SNV	MS4A14:ENST00000531787.5:exon3:c.C1109T:p.S370F,MS4A14:ENST00000395005.6:exon4:c.C1394T:p.S465F,MS4A14:ENST00000300187.10:exon5:c.C1445T:p.S482F,MS4A14:ENST00000395001.5:exon5:c.C1493T:p.S498F,MS4A14:ENST00000531783.5:exon6:c.C1544T:p.S515F	11:60416413:C:T
Pt54_pre	11:63758341:C:T	0.90458	0.357533333333333	Pt54	exonic	RTN3	nonsynonymous SNV	RTN3:ENST00000354497.4:exon4:c.C595T:p.P199S	11:63758341:C:T
Pt34_pre	11:92355186:C:T	0.912553333333333	0.45902	Pt34	exonic	FAT3	nonsynonymous SNV	FAT3:ENST00000409404.6:exon1:c.C3074T:p.S1025F,FAT3:ENST00000525166.5:exon1:c.C2624T:p.S875F	11:92355186:C:T
Pt7_pre	12:53102142:C:T	0.969166666666667	0.0325500666666667	Pt7	exonic	IGFBP6	nonsynonymous SNV	IGFBP6:ENST00000301464.3:exon4:c.C698T:p.S233F,IGFBP6:ENST00000548547.5:exon4:c.C692T:p.S231F	12:53102142:C:T
Pt54_pre	12:53446037:C:T	0.902753333333333	0.0654444	Pt54	exonic	PRR13	nonsynonymous SNV	PRR13:ENST00000379786.8:exon4:c.C275T:p.S92F,PRR13:ENST00000429243.6:exon4:c.C425T:p.S142F,PRR13:ENST00000546581.5:exon4:c.C137T:p.S46F,PRR13:ENST00000547368.5:exon4:c.C467T:p.S156F,PRR13:ENST00000549135.1:exon4:c.C425T:p.S142F,PRR13:ENST00000549581.5:exon4:c.C275T:p.S92F,PRR13:ENST00000549924.5:exon4:c.C425T:p.S142F,PRR13:ENST00000551003.5:exon4:c.C329T:p.S110F	12:53446037:C:T
Pt54_pre	12:55365150:G:A	0.9669	0.383513333333333	Pt54	exonic	OR6C75	nonsynonymous SNV	OR6C75:ENST00000343399.3:exon1:c.G40A:p.G14R	12:55365150:G:A
Pt49_pre	12:64043481:C:T	0.912586666666667	0.441793333333333	Pt49	exonic	SRGAP1	nonsynonymous SNV	SRGAP1:ENST00000543397.1:exon5:c.C587T:p.S196L,SRGAP1:ENST00000355086.7:exon6:c.C707T:p.S236L,SRGAP1:ENST00000631006.2:exon6:c.C587T:p.S196L	12:64043481:C:T
Pt54_pre	12:64843441:G:A	0.980093333333333	0.295666666666667	Pt54	exonic	TBC1D30	nonsynonymous SNV	TBC1D30:ENST00000539867.5:exon8:c.G994A:p.E332K,TBC1D30:ENST00000542120.5:exon9:c.G652A:p.E218K	12:64843441:G:A
Pt54_pre	13:19703293:G:A	0.92864	0.145772666666667	Pt54	exonic	PSPC1	nonsynonymous SNV	PSPC1:ENST00000338910.8:exon9:c.C1454T:p.S485F,PSPC1:ENST00000619300.4:exon10:c.C1454T:p.S485F	13:19703293:G:A
Pt54_pre	14:20015148:C:T	0.912713333333333	0.45692	Pt54	exonic	OR4K14	nonsynonymous SNV	OR4K14:ENST00000305045.2:exon1:c.G46A:p.G16R	14:20015148:C:T
Pt54_pre	14:64793678:G:A	0.902673333333333	0.35774	Pt54	exonic	SPTB	nonsynonymous SNV	SPTB:ENST00000389720.3:exon13:c.C1985T:p.S662F,SPTB:ENST00000389721.9:exon13:c.C1985T:p.S662F,SPTB:ENST00000389722.7:exon13:c.C1985T:p.S662F,SPTB:ENST00000556626.5:exon14:c.C1985T:p.S662F	14:64793678:G:A
Pt54_pre	15:45101909:C:T	0.90184	0.450786666666667	Pt54	exonic	DUOX2	nonsynonymous SNV	DUOX2:ENST00000389039.10:exon21:c.G2735A:p.G912E,DUOX2:ENST00000603300.1:exon21:c.G2735A:p.G912E	15:45101909:C:T
Pt87_pre	15:50748199:G:A	0.917653333333333	0.4816	Pt87	exonic	SPPL2A	nonsynonymous SNV	SPPL2A:ENST00000261854.9:exon4:c.C364T:p.P122S	15:50748199:G:A
Pt54_pre	15:58563513:G:A	0.936746666666667	0.395826666666667	Pt54	exonic	LIPC	nonsynonymous SNV	LIPC:ENST00000433326.2:exon7:c.G995A:p.G332E,LIPC:ENST00000299022.9:exon8:c.G1178A:p.G393E,LIPC:ENST00000414170.7:exon9:c.G1178A:p.G393E,LIPC:ENST00000356113.10:exon10:c.G1178A:p.G393E	15:58563513:G:A
Pt54_pre	15:69440900:C:T	0.915746666666667	0.362573333333333	Pt54	exonic	KIF23	nonsynonymous SNV	KIF23:ENST00000260363.8:exon18:c.C2200T:p.P734S,KIF23:ENST00000395392.6:exon18:c.C2200T:p.P734S	15:69440900:C:T
Pt23_on	15:77464281:C:T	0.950666666666667	0.425733333333333	Pt23	exonic	HMG20A	nonsynonymous SNV	HMG20A:ENST00000336216.8:exon3:c.C131T:p.S44L,HMG20A:ENST00000381714.7:exon4:c.C131T:p.S44L	15:77464281:C:T
Pt72_pre	15:86264556:C:T	0.97504	0.285493333333333	Pt72	exonic	AGBL1	nonsynonymous SNV	AGBL1:ENST00000635782.1:exon9:c.C1247T:p.S416F,AGBL1:ENST00000441037.7:exon11:c.C1385T:p.S462F	15:86264556:C:T
Pt46_pre	15:86556256:G:A	0.92052	0.166364	Pt46	exonic	AGBL1	nonsynonymous SNV	AGBL1:ENST00000635782.1:exon20:c.G2890A:p.E964K,AGBL1:ENST00000441037.7:exon22:c.G3028A:p.E1010K	15:86556256:G:A
Pt54_pre	16:11316849:G:A	0.926793333333333	0.48268	Pt54	exonic	RMI2	nonsynonymous SNV	RMI2:ENST00000572173.1:exon4:c.G71A:p.G24E	16:11316849:G:A
Pt54_pre	16:199217:G:A	0.93372	0.347833333333333	Pt54	exonic	LUC7L	nonsynonymous SNV	LUC7L:ENST00000397780.5:exon5:c.C373T:p.P125S,LUC7L:ENST00000293872.12:exon6:c.C532T:p.P178S,LUC7L:ENST00000337351.8:exon6:c.C532T:p.P178S,LUC7L:ENST00000397783.5:exon6:c.C532T:p.P178S	16:199217:G:A
Pt54_pre	16:20545216:C:T	0.933373333333333	0.432973333333333	Pt54	exonic	ACSM2B	nonsynonymous SNV	ACSM2B:ENST00000414188.6:exon9:c.G1222A:p.G408R,ACSM2B:ENST00000565322.5:exon9:c.G985A:p.G329R,ACSM2B:ENST00000329697.10:exon10:c.G1222A:p.G408R,ACSM2B:ENST00000565232.5:exon11:c.G1222A:p.G408R,ACSM2B:ENST00000567001.5:exon11:c.G1222A:p.G408R	16:20545216:C:T
Pt65_pre	16:21957295:C:T	0.925373333333333	0.491193333333333	Pt65	exonic	UQCRC2	nonsynonymous SNV	UQCRC2:ENST00000268379.8:exon2:c.C94T:p.P32S,UQCRC2:ENST00000561553.5:exon2:c.C94T:p.P32S,UQCRC2:ENST00000630839.2:exon2:c.C94T:p.P32S	16:21957295:C:T
Pt54_pre	16:23371446:C:T	0.90854	0.41096	Pt54	exonic	SCNN1B	nonsynonymous SNV	SCNN1B:ENST00000568085.5:exon5:c.C1028T:p.S343F,SCNN1B:ENST00000568923.5:exon5:c.C947T:p.S316F,SCNN1B:ENST00000343070.6:exon6:c.C1028T:p.S343F,SCNN1B:ENST00000307331.9:exon7:c.C1163T:p.S388F	16:23371446:C:T
Pt7_pre	16:28986410:C:T	0.90992	0.285051333333333	Pt7	exonic	LAT	nonsynonymous SNV	LAT:ENST00000360872.9:exon5:c.C274T:p.H92Y,LAT:ENST00000395456.6:exon5:c.C274T:p.H92Y,LAT:ENST00000454369.6:exon5:c.C271T:p.H91Y,LAT:ENST00000566177.5:exon5:c.C271T:p.H91Y,LAT:ENST00000395461.7:exon6:c.C382T:p.H128Y,LAT:ENST00000564277.5:exon6:c.C271T:p.H91Y	16:28986410:C:T
Pt54_pre	16:30006598:C:T	0.95136	0.443893333333333	Pt54	exonic	DOC2A	nonsynonymous SNV	DOC2A:ENST00000350119.8:exon9:c.G958A:p.E320K,DOC2A:ENST00000564979.5:exon9:c.G958A:p.E320K,DOC2A:ENST00000564944.5:exon10:c.G958A:p.E320K,DOC2A:ENST00000616445.4:exon10:c.G958A:p.E320K	16:30006598:C:T
Pt49_pre	16:33827442:G:A	0.903913333333333	0.450906666666667	Pt49	exonic	IGHV3OR16-13	nonsynonymous SNV	IGHV3OR16-13:ENST00000562905.2:exon2:c.G134A:p.G45E	16:33827442:G:A
Pt86_on	16:68122692:C:T	0.961933333333333	0.197846666666667	Pt86	exonic	NFATC3	nonsynonymous SNV	NFATC3:ENST00000329524.8:exon2:c.C809T:p.P270L,NFATC3:ENST00000346183.7:exon2:c.C809T:p.P270L,NFATC3:ENST00000349223.9:exon2:c.C809T:p.P270L,NFATC3:ENST00000575270.5:exon2:c.C809T:p.P270L	16:68122692:C:T
Pt86_pre	16:68122692:C:T	0.961933333333333	0.197846666666667	Pt86	exonic	NFATC3	nonsynonymous SNV	NFATC3:ENST00000329524.8:exon2:c.C809T:p.P270L,NFATC3:ENST00000346183.7:exon2:c.C809T:p.P270L,NFATC3:ENST00000349223.9:exon2:c.C809T:p.P270L,NFATC3:ENST00000575270.5:exon2:c.C809T:p.P270L	16:68122692:C:T
Pt54_pre	16:84764184:C:T	0.957326666666667	0.404233333333333	Pt54	exonic	USP10	nonsynonymous SNV	USP10:ENST00000219473.11:exon10:c.C1753T:p.P585S,USP10:ENST00000570191.5:exon11:c.C1765T:p.P589S	16:84764184:C:T
Pt23_on	17:10301678:G:A	0.91966	0.140412	Pt23	exonic	MYH13	nonsynonymous SNV	MYH13:ENST00000621918.1:exon38:c.C5693T:p.S1898F,MYH13:ENST00000418404.8:exon39:c.C5693T:p.S1898F,MYH13:ENST00000252172.8:exon40:c.C5693T:p.S1898F	17:10301678:G:A
Pt23_pre	17:10301678:G:A	0.91966	0.140412	Pt23	exonic	MYH13	nonsynonymous SNV	MYH13:ENST00000621918.1:exon38:c.C5693T:p.S1898F,MYH13:ENST00000418404.8:exon39:c.C5693T:p.S1898F,MYH13:ENST00000252172.8:exon40:c.C5693T:p.S1898F	17:10301678:G:A
Pt54_pre	17:10492424:C:T	0.957126666666667	0.0800073333333333	Pt54	exonic	MYH1	nonsynonymous SNV	MYH1:ENST00000226207.5:exon40:c.G5812A:p.E1938K	17:10492424:C:T
Pt86_on	17:16552311:G:A	0.92378	0.402286666666667	Pt86	exonic	ZNF287	nonsynonymous SNV	ZNF287:ENST00000395824.5:exon6:c.C1831T:p.H611Y,ZNF287:ENST00000395825.3:exon6:c.C1831T:p.H611Y	17:16552311:G:A
Pt86_pre	17:16552311:G:A	0.92378	0.402286666666667	Pt86	exonic	ZNF287	nonsynonymous SNV	ZNF287:ENST00000395824.5:exon6:c.C1831T:p.H611Y,ZNF287:ENST00000395825.3:exon6:c.C1831T:p.H611Y	17:16552311:G:A
Pt82_on	17:281809:G:A	0.918833333333333	0.348182	Pt82	exonic	RPH3AL	nonsynonymous SNV	RPH3AL:ENST00000618002.4:exon5:c.C397T:p.R133W,RPH3AL:ENST00000331302.11:exon6:c.C397T:p.R133W	17:281809:G:A
Pt82_pre	17:281809:G:A	0.918833333333333	0.348182	Pt82	exonic	RPH3AL	nonsynonymous SNV	RPH3AL:ENST00000618002.4:exon5:c.C397T:p.R133W,RPH3AL:ENST00000331302.11:exon6:c.C397T:p.R133W	17:281809:G:A
Pt54_pre	17:50537025:G:A	0.910953333333333	0.149087333333333	Pt54	exonic	EPN3	nonsynonymous SNV	EPN3:ENST00000537145.2:exon1:c.G469A:p.E157K,EPN3:ENST00000268933.7:exon2:c.G469A:p.E157K	17:50537025:G:A
Pt54_pre	17:57401412:G:A	0.94988	0.332390666666667	Pt54	exonic	MSI2	nonsynonymous SNV	MSI2:ENST00000442934.6:exon2:c.G163A:p.G55R,MSI2:ENST00000579180.2:exon2:c.G34A:p.G12R,MSI2:ENST00000322684.7:exon5:c.G334A:p.G112R,MSI2:ENST00000284073.6:exon6:c.G346A:p.G116R,MSI2:ENST00000416426.6:exon6:c.G280A:p.G94R	17:57401412:G:A
Pt65_pre	17:63550787:G:A	0.906753333333333	0.496653333333333	Pt65	exonic	DCAF7	nonsynonymous SNV	DCAF7:ENST00000415273.2:exon1:c.G110A:p.G37D,DCAF7:ENST00000614556.4:exon1:c.G110A:p.G37D	17:63550787:G:A
Pt68_pre	17:63895444:G:A	0.916906666666667	0.161714666666667	Pt68	exonic	CSH1	nonsynonymous SNV	CSH1:ENST00000329882.8:exon4:c.C485T:p.P162L	17:63895444:G:A
Pt54_pre	18:6908968:C:T	0.916133333333333	0.135752	Pt54	exonic	ARHGAP28	nonsynonymous SNV	ARHGAP28:ENST00000314319.7:exon15:c.C1562T:p.S521L,ARHGAP28:ENST00000419673.6:exon16:c.C1562T:p.S521L,ARHGAP28:ENST00000531294.5:exon16:c.C1547T:p.S516L,ARHGAP28:ENST00000383472.8:exon17:c.C2039T:p.S680L	18:6908968:C:T
Pt7_pre	19:10561807:G:A	0.969306666666667	0.321086666666667	Pt7	exonic	KRI1	nonsynonymous SNV	KRI1:ENST00000312962.10:exon5:c.C440T:p.S147F	19:10561807:G:A
Pt7_pre	19:13959108:C:T	0.937073333333333	0.415233333333333	Pt7	exonic	DCAF15	nonsynonymous SNV	DCAF15:ENST00000254337.10:exon7:c.C848T:p.P283L	19:13959108:C:T
Pt89_on	19:18211836:C:T	0.984833333333333	0.214327333333333	Pt89	exonic	PDE4C	nonsynonymous SNV	PDE4C:ENST00000598111.6:exon8:c.G859A:p.G287R,PDE4C:ENST00000597297.1:exon9:c.G1024A:p.G342R,PDE4C:ENST00000539010.5:exon10:c.G1021A:p.G341R,PDE4C:ENST00000262805.16:exon14:c.G1618A:p.G540R,PDE4C:ENST00000447275.7:exon14:c.G1396A:p.G466R,PDE4C:ENST00000594465.7:exon14:c.G1714A:p.G572R,PDE4C:ENST00000594617.7:exon15:c.G1714A:p.G572R,PDE4C:ENST00000355502.7:exon18:c.G1714A:p.G572R	19:18211836:C:T
Pt89_pre	19:18211836:C:T	0.984833333333333	0.214327333333333	Pt89	exonic	PDE4C	nonsynonymous SNV	PDE4C:ENST00000598111.6:exon8:c.G859A:p.G287R,PDE4C:ENST00000597297.1:exon9:c.G1024A:p.G342R,PDE4C:ENST00000539010.5:exon10:c.G1021A:p.G341R,PDE4C:ENST00000262805.16:exon14:c.G1618A:p.G540R,PDE4C:ENST00000447275.7:exon14:c.G1396A:p.G466R,PDE4C:ENST00000594465.7:exon14:c.G1714A:p.G572R,PDE4C:ENST00000594617.7:exon15:c.G1714A:p.G572R,PDE4C:ENST00000355502.7:exon18:c.G1714A:p.G572R	19:18211836:C:T
Pt54_pre	19:19647425:G:A	0.937366666666667	0.213173333333333	Pt54	exonic	ATP13A1	nonsynonymous SNV	ATP13A1:ENST00000291503.9:exon21:c.C2543T:p.S848F,ATP13A1:ENST00000357324.10:exon21:c.C2897T:p.S966F	19:19647425:G:A
Pt54_pre	19:22314615:G:A	0.97356	0.27226	Pt54	exonic	ZNF729	nonsynonymous SNV	ZNF729:ENST00000601693.1:exon4:c.G1198A:p.G400R	19:22314615:G:A
Pt106_pre	19:45472903:C:T	0.902906666666667	0.328806666666667	Pt106	exonic	FOSB	nonsynonymous SNV	FOSB:ENST00000443841.6:exon2:c.C479T:p.S160L,FOSB:ENST00000417353.6:exon3:c.C800T:p.S267L,FOSB:ENST00000585836.5:exon3:c.C683T:p.S228L,FOSB:ENST00000586615.5:exon3:c.C761T:p.S254L,FOSB:ENST00000353609.7:exon4:c.C908T:p.S303L,FOSB:ENST00000591858.5:exon4:c.C791T:p.S264L,FOSB:ENST00000615753.4:exon5:c.C767T:p.S256L	19:45472903:C:T
Pt4_pre	19:45494732:G:A	0.92864	0.066204	Pt4	exonic	RTN2	nonsynonymous SNV	RTN2:ENST00000245923.8:exon3:c.C353T:p.S118F,RTN2:ENST00000344680.8:exon3:c.C353T:p.S118F	19:45494732:G:A
Pt58_on	19:49652404:C:T	0.972793333333333	0.29816	Pt58	exonic	SCAF1	nonsynonymous SNV	SCAF1:ENST00000360565.7:exon7:c.C2015T:p.S672F	19:49652404:C:T
Pt58_pre	19:49652404:C:T	0.972793333333333	0.29816	Pt58	exonic	SCAF1	nonsynonymous SNV	SCAF1:ENST00000360565.7:exon7:c.C2015T:p.S672F	19:49652404:C:T
Pt102_on	19:49692392:G:T	0.92412	0.21112	Pt102	exonic	CPT1C	nonsynonymous SNV	CPT1C:ENST00000323446.9:exon2:c.G140T:p.W47L,CPT1C:ENST00000392518.8:exon3:c.G140T:p.W47L,CPT1C:ENST00000405931.6:exon3:c.G140T:p.W47L,CPT1C:ENST00000598293.5:exon3:c.G140T:p.W47L	19:49692392:G:T
Pt54_pre	19:51127987:G:A	0.946913333333333	0.146868	Pt54	exonic	SIGLEC9	nonsynonymous SNV	SIGLEC9:ENST00000250360.7:exon5:c.G1054A:p.G352R,SIGLEC9:ENST00000440804.7:exon5:c.G1054A:p.G352R	19:51127987:G:A
Pt3_on	19:51235186:C:T	0.912333333333333	0.171983333333333	Pt3	exonic	CD33	nonsynonymous SNV	CD33:ENST00000421133.6:exon4:c.C394T:p.H132Y,CD33:ENST00000436584.6:exon4:c.C394T:p.H132Y,CD33:ENST00000262262.4:exon5:c.C775T:p.H259Y,CD33:ENST00000391796.7:exon5:c.C775T:p.H259Y	19:51235186:C:T
Pt3_pre	19:51235186:C:T	0.912333333333333	0.171983333333333	Pt3	exonic	CD33	nonsynonymous SNV	CD33:ENST00000421133.6:exon4:c.C394T:p.H132Y,CD33:ENST00000436584.6:exon4:c.C394T:p.H132Y,CD33:ENST00000262262.4:exon5:c.C775T:p.H259Y,CD33:ENST00000391796.7:exon5:c.C775T:p.H259Y	19:51235186:C:T
Pt54_pre	19:54667966:G:A	0.97796	0.263768	Pt54	exonic	LILRB4	nonsynonymous SNV	LILRB4:ENST00000391734.7:exon11:c.G1135A:p.E379K,LILRB4:ENST00000391733.7:exon12:c.G1297A:p.E433K,LILRB4:ENST00000430952.6:exon12:c.G1291A:p.E431K,LILRB4:ENST00000391736.5:exon14:c.G1294A:p.E432K	19:54667966:G:A
Pt29_pre	19:8959078:G:A	0.910566666666667	0.404533333333333	Pt29	exonic	MUC16	nonsynonymous SNV	MUC16:ENST00000397910.8:exon3:c.C17692T:p.P5898S	19:8959078:G:A
Pt54_pre	19:9991654:C:T	0.942166666666667	0.380246666666667	Pt54	exonic	COL5A3	nonsynonymous SNV	COL5A3:ENST00000264828.3:exon24:c.G1948A:p.G650R	19:9991654:C:T
Pt8_on	1:151815305:C:T	0.946633333333333	0.150224666666667	Pt8	exonic	RORC	nonsynonymous SNV	RORC:ENST00000356728.10:exon4:c.G356A:p.G119E,RORC:ENST00000318247.6:exon5:c.G419A:p.G140E	1:151815305:C:T
Pt8_pre	1:151815305:C:T	0.946633333333333	0.150224666666667	Pt8	exonic	RORC	nonsynonymous SNV	RORC:ENST00000356728.10:exon4:c.G356A:p.G119E,RORC:ENST00000318247.6:exon5:c.G419A:p.G140E	1:151815305:C:T
Pt44_pre	1:156199995:G:T	0.94966	0.475833333333333	Pt44	exonic	SLC25A44	nonsynonymous SNV	SLC25A44:ENST00000359511.4:exon2:c.G148T:p.G50W,SLC25A44:ENST00000423538.6:exon2:c.G148T:p.G50W	1:156199995:G:T
Pt86_on	1:159313857:G:A	0.960253333333333	0.268226	Pt86	exonic	OR10J3	nonsynonymous SNV	OR10J3:ENST00000332217.5:exon1:c.C803T:p.S268F	1:159313857:G:A
Pt86_pre	1:159313857:G:A	0.960253333333333	0.268226	Pt86	exonic	OR10J3	nonsynonymous SNV	OR10J3:ENST00000332217.5:exon1:c.C803T:p.S268F	1:159313857:G:A
Pt47_on	1:175362729:C:T	0.936486666666667	0.444326666666667	Pt47	exonic	TNR	nonsynonymous SNV	TNR:ENST00000367674.6:exon14:c.G2788A:p.E930K,TNR:ENST00000263525.6:exon15:c.G2788A:p.E930K	1:175362729:C:T
Pt47_pre	1:175362729:C:T	0.936486666666667	0.444326666666667	Pt47	exonic	TNR	nonsynonymous SNV	TNR:ENST00000367674.6:exon14:c.G2788A:p.E930K,TNR:ENST00000263525.6:exon15:c.G2788A:p.E930K	1:175362729:C:T
Pt87_pre	1:19904963:C:T	0.947446666666667	0.322006666666667	Pt87	exonic	OTUD3	nonsynonymous SNV	OTUD3:ENST00000375120.3:exon6:c.C811T:p.R271W	1:19904963:C:T
Pt54_pre	1:248099427:C:T	0.921286666666667	0.434653333333333	Pt54	exonic	OR2L13	nonsynonymous SNV	OR2L13:ENST00000358120.2:exon2:c.C52T:p.P18S	1:248099427:C:T
Pt72_pre	1:55043885:G:A	0.947546666666667	0.42908	Pt72	exonic	PCSK9	nonsynonymous SNV	PCSK9:ENST00000302118.5:exon2:c.G250A:p.E84K	1:55043885:G:A
Pt70_pre	20:37171980:G:A	0.959133333333333	0.496526666666667	Pt70	exonic	MROH8	nonsynonymous SNV	MROH8:ENST00000400441.7:exon4:c.C457T:p.P153S	20:37171980:G:A
Pt54_pre	20:59994384:G:A	0.915933333333333	0.415386666666667	Pt54	exonic	CDH26	nonsynonymous SNV	CDH26:ENST00000348616.8:exon11:c.G1561A:p.E521K	20:59994384:G:A
Pt8_on	21:32604181:G:A	0.932233333333333	0.421106666666667	Pt8	exonic	AP000275.65;C21orf59	nonsynonymous SNV	C21orf59:ENST00000290155.7:exon4:c.C478T:p.P160S,C21orf59:ENST00000382549.8:exon4:c.C478T:p.P160S,AP000275.65:ENST00000553001.1:exon4:c.C478T:p.P160S	21:32604181:G:A
Pt8_pre	21:32604181:G:A	0.932233333333333	0.421106666666667	Pt8	exonic	AP000275.65;C21orf59	nonsynonymous SNV	C21orf59:ENST00000290155.7:exon4:c.C478T:p.P160S,C21orf59:ENST00000382549.8:exon4:c.C478T:p.P160S,AP000275.65:ENST00000553001.1:exon4:c.C478T:p.P160S	21:32604181:G:A
Pt47_on	21:46112045:C:A	0.920113333333333	0.405806666666667	Pt47	exonic	COL6A2	nonsynonymous SNV	COL6A2:ENST00000397763.5:exon2:c.C182A:p.S61Y,COL6A2:ENST00000409416.5:exon2:c.C182A:p.S61Y,COL6A2:ENST00000300527.8:exon3:c.C182A:p.S61Y,COL6A2:ENST00000310645.9:exon3:c.C182A:p.S61Y	21:46112045:C:A
Pt47_pre	21:46112045:C:A	0.920113333333333	0.405806666666667	Pt47	exonic	COL6A2	nonsynonymous SNV	COL6A2:ENST00000397763.5:exon2:c.C182A:p.S61Y,COL6A2:ENST00000409416.5:exon2:c.C182A:p.S61Y,COL6A2:ENST00000300527.8:exon3:c.C182A:p.S61Y,COL6A2:ENST00000310645.9:exon3:c.C182A:p.S61Y	21:46112045:C:A
Pt94_pre	22:19137420:G:T	0.982486666666667	0.23212	Pt94	exonic	DGCR14	nonsynonymous SNV	DGCR14:ENST00000252137.10:exon8:c.C938A:p.S313Y	22:19137420:G:T
Pt8_on	22:26340516:G:A	0.939286666666667	0.32072	Pt8	exonic	SEZ6L	nonsynonymous SNV	SEZ6L:ENST00000402979.1:exon9:c.G1415A:p.G472E,SEZ6L:ENST00000403121.5:exon9:c.G1415A:p.G472E,SEZ6L:ENST00000248933.10:exon10:c.G2096A:p.G699E,SEZ6L:ENST00000343706.8:exon10:c.G2096A:p.G699E,SEZ6L:ENST00000360929.7:exon10:c.G2096A:p.G699E,SEZ6L:ENST00000404234.7:exon10:c.G2096A:p.G699E,SEZ6L:ENST00000529632.6:exon10:c.G2096A:p.G699E,SEZ6L:ENST00000629590.2:exon10:c.G2096A:p.G699E	22:26340516:G:A
Pt8_pre	22:26340516:G:A	0.939286666666667	0.32072	Pt8	exonic	SEZ6L	nonsynonymous SNV	SEZ6L:ENST00000402979.1:exon9:c.G1415A:p.G472E,SEZ6L:ENST00000403121.5:exon9:c.G1415A:p.G472E,SEZ6L:ENST00000248933.10:exon10:c.G2096A:p.G699E,SEZ6L:ENST00000343706.8:exon10:c.G2096A:p.G699E,SEZ6L:ENST00000360929.7:exon10:c.G2096A:p.G699E,SEZ6L:ENST00000404234.7:exon10:c.G2096A:p.G699E,SEZ6L:ENST00000529632.6:exon10:c.G2096A:p.G699E,SEZ6L:ENST00000629590.2:exon10:c.G2096A:p.G699E	22:26340516:G:A
Pt54_pre	2:130915946:C:T	0.98126	0.42054	Pt54	exonic	ARHGEF4	nonsynonymous SNV	ARHGEF4:ENST00000409359.6:exon2:c.C2000T:p.P667L	2:130915946:C:T
Pt54_pre	2:132783135:C:T	0.9495	0.332493333333333	Pt54	exonic	NCKAP5	nonsynonymous SNV	NCKAP5:ENST00000409261.5:exon14:c.G3676A:p.E1226K,NCKAP5:ENST00000317721.10:exon15:c.G3676A:p.E1226K	2:132783135:C:T
Pt54_pre	2:1477381:C:T	0.924066666666667	0.43308	Pt54	exonic	TPO	nonsynonymous SNV	TPO:ENST00000346956.7:exon7:c.C1115T:p.P372L,TPO:ENST00000329066.8:exon8:c.C1115T:p.P372L,TPO:ENST00000345913.8:exon8:c.C1115T:p.P372L,TPO:ENST00000382201.7:exon8:c.C1115T:p.P372L	2:1477381:C:T
Pt54_pre	2:152560971:G:A	0.934253333333333	0.33598	Pt54	exonic	FMNL2	nonsynonymous SNV	FMNL2:ENST00000288670.13:exon6:c.G532A:p.G178R	2:152560971:G:A
Pt54_pre	2:178575256:C:T	0.9332	0.456193333333333	Pt54	exonic	TTN	nonsynonymous SNV	TTN:ENST00000342175.11:exon154:c.G44257A:p.E14753K,TTN:ENST00000359218.10:exon154:c.G44056A:p.E14686K,TTN:ENST00000460472.6:exon154:c.G43681A:p.E14561K,TTN:ENST00000342992.10:exon275:c.G63172A:p.E21058K,TTN:ENST00000615779.5:exon275:c.G65953A:p.E21985K,TTN:ENST00000591111.5:exon276:c.G65953A:p.E21985K,TTN:ENST00000589042.5:exon326:c.G70876A:p.E23626K	2:178575256:C:T
Pt93_on	2:178607890:C:T	0.943266666666667	0.42398	Pt93	exonic	TTN	nonsynonymous SNV	TTN:ENST00000342175.11:exon104:c.G26278A:p.E8760K,TTN:ENST00000359218.10:exon104:c.G26077A:p.E8693K,TTN:ENST00000460472.6:exon104:c.G25702A:p.E8568K,TTN:ENST00000342992.10:exon225:c.G45193A:p.E15065K,TTN:ENST00000615779.5:exon225:c.G47974A:p.E15992K,TTN:ENST00000591111.5:exon226:c.G47974A:p.E15992K,TTN:ENST00000589042.5:exon276:c.G52897A:p.E17633K	2:178607890:C:T
Pt68_pre	2:182756362:G:A	0.912773333333333	0.31876	Pt68	exonic	DNAJC10	nonsynonymous SNV	DNAJC10:ENST00000616986.4:exon17:c.G1564A:p.E522K,DNAJC10:ENST00000264065.11:exon18:c.G1702A:p.E568K	2:182756362:G:A
Pt54_pre	2:184935832:G:A	0.907866666666667	0.328733333333333	Pt54	exonic	ZNF804A	nonsynonymous SNV	ZNF804A:ENST00000613975.1:exon3:c.G181A:p.E61K,ZNF804A:ENST00000302277.6:exon4:c.G436A:p.E146K	2:184935832:G:A
Pt23_on	2:191683770:C:T	0.90782	0.436046666666667	Pt23	exonic	NABP1	nonsynonymous SNV	NABP1:ENST00000409510.5:exon4:c.C104T:p.P35L,NABP1:ENST00000410026.6:exon4:c.C104T:p.P35L,NABP1:ENST00000425611.6:exon4:c.C344T:p.P115L	2:191683770:C:T
Pt23_pre	2:191683770:C:T	0.90782	0.436046666666667	Pt23	exonic	NABP1	nonsynonymous SNV	NABP1:ENST00000409510.5:exon4:c.C104T:p.P35L,NABP1:ENST00000410026.6:exon4:c.C104T:p.P35L,NABP1:ENST00000425611.6:exon4:c.C344T:p.P115L	2:191683770:C:T
Pt7_pre	2:215428185:G:A	0.950726666666667	0.335626666666667	Pt7	exonic	FN1	nonsynonymous SNV	FN1:ENST00000323926.10:exon6:c.C839T:p.S280L,FN1:ENST00000336916.8:exon6:c.C839T:p.S280L,FN1:ENST00000354785.8:exon6:c.C839T:p.S280L,FN1:ENST00000356005.8:exon6:c.C839T:p.S280L,FN1:ENST00000357867.8:exon6:c.C839T:p.S280L,FN1:ENST00000359671.5:exon6:c.C839T:p.S280L,FN1:ENST00000421182.5:exon6:c.C839T:p.S280L,FN1:ENST00000426059.1:exon6:c.C839T:p.S280L,FN1:ENST00000432072.6:exon6:c.C839T:p.S280L,FN1:ENST00000443816.5:exon6:c.C839T:p.S280L,FN1:ENST00000446046.5:exon6:c.C839T:p.S280L	2:215428185:G:A
Pt49_pre	2:219489840:C:T	0.964953333333333	0.115296	Pt49	exonic	SPEG	nonsynonymous SNV	SPEG:ENST00000312358.11:exon36:c.C8822T:p.S2941F	2:219489840:C:T
Pt54_pre	2:236377163:C:T	0.981053333333333	0.342846666666667	Pt54	exonic	IQCA1	nonsynonymous SNV	IQCA1:ENST00000309507.9:exon12:c.G1378A:p.E460K,IQCA1:ENST00000409907.7:exon13:c.G1501A:p.E501K,IQCA1:ENST00000431676.6:exon13:c.G1525A:p.E509K	2:236377163:C:T
Pt54_pre	2:28298445:C:T	0.914506666666667	0.451266666666667	Pt54	exonic	BRE	nonsynonymous SNV	BRE:ENST00000344773.6:exon11:c.C1042T:p.P348S,BRE:ENST00000361704.6:exon11:c.C1042T:p.P348S,BRE:ENST00000379624.5:exon11:c.C1042T:p.P348S,BRE:ENST00000342045.6:exon12:c.C1042T:p.P348S,BRE:ENST00000379632.6:exon12:c.C1042T:p.P348S	2:28298445:C:T
Pt18_pre	3:119648383:G:A	0.974086666666667	0.26216	Pt18	exonic	POPDC2	nonsynonymous SNV	POPDC2:ENST00000264231.7:exon3:c.C886T:p.P296S,POPDC2:ENST00000468801.1:exon3:c.C886T:p.P296S,POPDC2:ENST00000493094.5:exon3:c.C886T:p.P296S	3:119648383:G:A
Pt90_pre	3:121496889:G:A	0.947686666666667	0.419273333333333	Pt90	exonic	POLQ	nonsynonymous SNV	POLQ:ENST00000264233.5:exon14:c.C2197T:p.P733S,POLQ:ENST00000621776.4:exon15:c.C2602T:p.P868S	3:121496889:G:A
Pt54_pre	3:126500858:C:T	0.972333333333333	0.428833333333333	Pt54	exonic	UROC1	nonsynonymous SNV	UROC1:ENST00000290868.6:exon11:c.G982A:p.E328K,UROC1:ENST00000383579.3:exon12:c.G1162A:p.E388K	3:126500858:C:T
Pt54_pre	3:130439558:C:T	0.98104	0.47268	Pt54	exonic	COL6A5	nonsynonymous SNV	COL6A5:ENST00000265379.10:exon35:c.C5758T:p.P1920S	3:130439558:C:T
Pt18_pre	3:130440349:C:A	0.930766666666667	0.435566666666667	Pt18	exonic	COL6A5	nonsynonymous SNV	COL6A5:ENST00000265379.10:exon36:c.C5999A:p.S2000Y	3:130440349:C:A
Pt87_pre	3:195782231:G:A	0.918626666666667	0.281676	Pt87	exonic	MUC4	nonsynonymous SNV	MUC4:ENST00000463781.7:exon2:c.C9349T:p.H3117Y,MUC4:ENST00000475231.5:exon2:c.C9349T:p.H3117Y	3:195782231:G:A
Pt7_pre	3:39187365:G:A	0.975993333333333	0.49246	Pt7	exonic	XIRP1	nonsynonymous SNV	XIRP1:ENST00000340369.3:exon2:c.C2081T:p.S694F,XIRP1:ENST00000396251.1:exon2:c.C2081T:p.S694F	3:39187365:G:A
Pt83_on	3:41882270:G:A	0.943646666666667	0.124398666666667	Pt83	exonic	ULK4	nonsynonymous SNV	ULK4:ENST00000420927.5:exon18:c.C1667T:p.S556F	3:41882270:G:A
Pt83_pre	3:41882270:G:A	0.943646666666667	0.124398666666667	Pt83	exonic	ULK4	nonsynonymous SNV	ULK4:ENST00000420927.5:exon18:c.C1667T:p.S556F	3:41882270:G:A
Pt106_pre	3:54838589:G:A	0.91318	0.271713333333333	Pt106	exonic	CACNA2D3	nonsynonymous SNV	CACNA2D3:ENST00000620722.4:exon14:c.G1192A:p.G398R,CACNA2D3:ENST00000490478.5:exon15:c.G1210A:p.G404R,CACNA2D3:ENST00000288197.9:exon16:c.G1492A:p.G498R,CACNA2D3:ENST00000474759.5:exon16:c.G1492A:p.G498R,CACNA2D3:ENST00000415676.6:exon17:c.G1492A:p.G498R	3:54838589:G:A
Pt54_pre	4:139890715:C:T	0.945273333333333	0.18594	Pt54	exonic	MAML3	nonsynonymous SNV	MAML3:ENST00000509479.6:exon2:c.G721A:p.E241K	4:139890715:C:T
Pt54_pre	4:140396101:G:A	0.947673333333333	0.112524	Pt54	exonic	CLGN	nonsynonymous SNV	CLGN:ENST00000325617.9:exon9:c.C989T:p.P330L,CLGN:ENST00000414773.5:exon10:c.C989T:p.P330L	4:140396101:G:A
Pt60_on	4:157078113:G:A	0.92708	0.156203333333333	Pt60	exonic	GLRB	nonsynonymous SNV	GLRB:ENST00000264428.8:exon2:c.G89A:p.G30E,GLRB:ENST00000509282.1:exon2:c.G89A:p.G30E,GLRB:ENST00000512619.5:exon2:c.G89A:p.G30E,GLRB:ENST00000541722.5:exon2:c.G89A:p.G30E	4:157078113:G:A
Pt60_pre	4:157078113:G:A	0.92708	0.156203333333333	Pt60	exonic	GLRB	nonsynonymous SNV	GLRB:ENST00000264428.8:exon2:c.G89A:p.G30E,GLRB:ENST00000509282.1:exon2:c.G89A:p.G30E,GLRB:ENST00000512619.5:exon2:c.G89A:p.G30E,GLRB:ENST00000541722.5:exon2:c.G89A:p.G30E	4:157078113:G:A
Pt54_pre	4:161386270:G:A	0.916886666666667	0.488033333333333	Pt54	exonic	FSTL5	nonsynonymous SNV	FSTL5:ENST00000427802.2:exon15:c.C1991T:p.S664F,FSTL5:ENST00000306100.9:exon16:c.C2021T:p.S674F,FSTL5:ENST00000379164.8:exon16:c.C2018T:p.S673F	4:161386270:G:A
Pt54_pre	4:166055247:G:A	0.90172	0.353066666666667	Pt54	exonic	TLL1	nonsynonymous SNV	TLL1:ENST00000061240.6:exon13:c.G1696A:p.G566R,TLL1:ENST00000507499.5:exon14:c.G1765A:p.G589R	4:166055247:G:A
Pt4_pre	4:17803940:G:A	0.945686666666667	0.4459	Pt4	exonic	DCAF16	nonsynonymous SNV	DCAF16:ENST00000382247.5:exon3:c.C202T:p.P68S	4:17803940:G:A
Pt54_pre	4:41681001:C:T	0.930126666666667	0.223008	Pt54	exonic	LIMCH1	nonsynonymous SNV	LIMCH1:ENST00000381753.8:exon14:c.C2006T:p.S669L,LIMCH1:ENST00000509277.5:exon14:c.C2006T:p.S669L,LIMCH1:ENST00000514096.5:exon14:c.C2027T:p.S676L,LIMCH1:ENST00000396595.7:exon15:c.C2042T:p.S681L,LIMCH1:ENST00000511496.5:exon17:c.C2027T:p.S676L,LIMCH1:ENST00000512632.5:exon17:c.C2276T:p.S759L,LIMCH1:ENST00000313860.11:exon20:c.C2507T:p.S836L,LIMCH1:ENST00000508501.5:exon20:c.C2504T:p.S835L,LIMCH1:ENST00000512820.5:exon20:c.C2543T:p.S848L,LIMCH1:ENST00000512946.5:exon20:c.C2507T:p.S836L,LIMCH1:ENST00000513024.5:exon20:c.C2066T:p.S689L,LIMCH1:ENST00000503057.5:exon25:c.C3659T:p.S1220L	4:41681001:C:T
Pt72_pre	4:76004840:A:T	0.920253333333333	0.22798	Pt72	exonic	CXCL9	nonsynonymous SNV	CXCL9:ENST00000264888.5:exon3:c.T245A:p.V82E	4:76004840:A:T
Pt106_pre	4:99651533:G:A	0.937666666666667	0.485333333333333	Pt106	exonic	RP11-766F14.2	nonsynonymous SNV	RP11-766F14.2:ENST00000511828.1:exon1:c.C3116T:p.P1039L	4:99651533:G:A
Pt106_pre	4:99651534:G:A	0.90092	0.485333333333333	Pt106	exonic	RP11-766F14.2	nonsynonymous SNV	RP11-766F14.2:ENST00000511828.1:exon1:c.C3115T:p.P1039S	4:99651534:G:A
Pt7_pre	5:141096745:C:G	0.9664	0.391444666666667	Pt7	exonic	PCDHB2	nonsynonymous SNV	PCDHB2:ENST00000194155.6:exon1:c.C1955G:p.P652R	5:141096745:C:G
Pt54_pre	5:178981680:C:T	0.931573333333333	0.115561333333333	Pt54	exonic	GRM6	nonsynonymous SNV	GRM6:ENST00000231188.9:exon10:c.G2611A:p.E871K,GRM6:ENST00000517717.1:exon11:c.G2611A:p.E871K	5:178981680:C:T
Pt83_pre	5:62580600:C:T	0.902393333333333	0.497586666666667	Pt83	exonic	LRRC70	nonsynonymous SNV	LRRC70:ENST00000334994.5:exon2:c.C1162T:p.P388S	5:62580600:C:T
Pt54_pre	6:166158419:C:T	0.93082	0.361573333333333	Pt54	exonic	T	nonsynonymous SNV	T:ENST00000366871.7:exon8:c.G1030A:p.E344K,T:ENST00000296946.6:exon9:c.G1204A:p.E402K	6:166158419:C:T
Pt49_pre	6:166938700:G:A	0.90782	0.426839333333333	Pt49	exonic	RNASET2	nonsynonymous SNV	RNASET2:ENST00000611959.1:exon6:c.C595T:p.H199Y	6:166938700:G:A
Pt7_pre	6:30708193:G:A	0.903393333333333	0.432053333333333	Pt7	exonic	MDC1	nonsynonymous SNV	MDC1:ENST00000376406.7:exon8:c.C2386T:p.H796Y	6:30708193:G:A
Pt106_pre	6:33172324:C:T	0.94466	0.418646666666667	Pt106	exonic	COL11A2	nonsynonymous SNV	COL11A2:ENST00000361917.5:exon37:c.G2632A:p.G878R,COL11A2:ENST00000374708.8:exon38:c.G2695A:p.G899R,COL11A2:ENST00000341947.6:exon40:c.G2953A:p.G985R	6:33172324:C:T
Pt92_on	6:37020590:G:A	0.922366666666667	0.456046666666667	Pt92	exonic	FGD2	nonsynonymous SNV	FGD2:ENST00000274963.12:exon10:c.G1172A:p.G391E	6:37020590:G:A
Pt92_pre	6:37020590:G:A	0.922366666666667	0.456046666666667	Pt92	exonic	FGD2	nonsynonymous SNV	FGD2:ENST00000274963.12:exon10:c.G1172A:p.G391E	6:37020590:G:A
Pt106_pre	6:56573722:G:A	0.90226	0.297966666666667	Pt106	exonic	DST	nonsynonymous SNV	DST:ENST00000244364.10:exon32:c.C5324T:p.P1775L,DST:ENST00000370788.6:exon42:c.C6302T:p.P2101L,DST:ENST00000421834.6:exon42:c.C6302T:p.P2101L,DST:ENST00000312431.10:exon43:c.C6422T:p.P2141L,DST:ENST00000361203.7:exon47:c.C12560T:p.P4187L	6:56573722:G:A
Pt92_on	6:75137508:G:A	0.923353333333333	0.30734	Pt92	exonic	COL12A1	nonsynonymous SNV	COL12A1:ENST00000345356.10:exon16:c.C1831T:p.P611S,COL12A1:ENST00000416123.6:exon30:c.C5323T:p.P1775S,COL12A1:ENST00000322507.12:exon31:c.C5323T:p.P1775S,COL12A1:ENST00000483888.6:exon31:c.C5323T:p.P1775S,COL12A1:ENST00000615798.4:exon31:c.C1756T:p.P586S	6:75137508:G:A
Pt92_pre	6:75137508:G:A	0.923353333333333	0.30734	Pt92	exonic	COL12A1	nonsynonymous SNV	COL12A1:ENST00000345356.10:exon16:c.C1831T:p.P611S,COL12A1:ENST00000416123.6:exon30:c.C5323T:p.P1775S,COL12A1:ENST00000322507.12:exon31:c.C5323T:p.P1775S,COL12A1:ENST00000483888.6:exon31:c.C5323T:p.P1775S,COL12A1:ENST00000615798.4:exon31:c.C1756T:p.P586S	6:75137508:G:A
Pt23_on	6:83044567:G:A	0.924413333333333	0.09796	Pt23	exonic	UBE3D	nonsynonymous SNV	UBE3D:ENST00000369747.7:exon4:c.C458T:p.S153L	6:83044567:G:A
Pt23_pre	6:83044567:G:A	0.924413333333333	0.09796	Pt23	exonic	UBE3D	nonsynonymous SNV	UBE3D:ENST00000369747.7:exon4:c.C458T:p.S153L	6:83044567:G:A
Pt54_pre	7:100999201:G:A	0.910126666666667	0.2706	Pt54	exonic	MUC12	nonsynonymous SNV	MUC12:ENST00000536621.5:exon2:c.G8638A:p.E2880K,MUC12:ENST00000379442.7:exon5:c.G9067A:p.E3023K	7:100999201:G:A
Pt54_pre	7:101002537:G:A	0.936273333333333	0.48278	Pt54	exonic	MUC12	nonsynonymous SNV	MUC12:ENST00000536621.5:exon2:c.G11974A:p.E3992K,MUC12:ENST00000379442.7:exon5:c.G12403A:p.E4135K	7:101002537:G:A
Pt7_pre	7:113879369:G:A	0.97532	0.47686	Pt7	exonic	PPP1R3A	nonsynonymous SNV	PPP1R3A:ENST00000284601.3:exon4:c.C1723T:p.R575W	7:113879369:G:A
Pt65_pre	7:117222946:C:T	0.9474	0.45644	Pt65	exonic	ST7	nonsynonymous SNV	ST7:ENST00000265437.9:exon16:c.C1724T:p.P575L	7:117222946:C:T
Pt60_on	7:20159972:G:A	0.923793333333333	0.163764666666667	Pt60	exonic	MACC1	nonsynonymous SNV	MACC1:ENST00000332878.8:exon3:c.C389T:p.S130F,MACC1:ENST00000589011.1:exon3:c.C389T:p.S130F,MACC1:ENST00000400331.9:exon5:c.C389T:p.S130F	7:20159972:G:A
Pt60_pre	7:20159972:G:A	0.923793333333333	0.163764666666667	Pt60	exonic	MACC1	nonsynonymous SNV	MACC1:ENST00000332878.8:exon3:c.C389T:p.S130F,MACC1:ENST00000589011.1:exon3:c.C389T:p.S130F,MACC1:ENST00000400331.9:exon5:c.C389T:p.S130F	7:20159972:G:A
Pt54_pre	7:33966494:G:A	0.901126666666667	0.282313333333333	Pt54	exonic	BMPER	nonsynonymous SNV	BMPER:ENST00000297161.6:exon5:c.G335A:p.G112E	7:33966494:G:A
Pt4_pre	7:86765245:A:G	0.972133333333333	0.370266666666667	Pt4	exonic	GRM3	nonsynonymous SNV	GRM3:ENST00000361669.6:exon2:c.A100G:p.K34E,GRM3:ENST00000439827.1:exon2:c.A100G:p.K34E	7:86765245:A:G
Pt54_pre	8:109443829:C:T	0.95602	0.319573333333333	Pt54	exonic	PKHD1L1	nonsynonymous SNV	PKHD1L1:ENST00000378402.9:exon37:c.C4718T:p.P1573L	8:109443829:C:T
Pt60_on	8:138153004:G:A	0.93758	0.228829333333333	Pt60	exonic	FAM135B	nonsynonymous SNV	FAM135B:ENST00000395297.5:exon13:c.C1471T:p.H491Y	8:138153004:G:A
Pt60_pre	8:138153004:G:A	0.93758	0.228829333333333	Pt60	exonic	FAM135B	nonsynonymous SNV	FAM135B:ENST00000395297.5:exon13:c.C1471T:p.H491Y	8:138153004:G:A
Pt54_pre	8:24397364:G:A	0.970693333333333	0.241331333333333	Pt54	exonic	ADAMDEC1	nonsynonymous SNV	ADAMDEC1:ENST00000522298.1:exon5:c.G298A:p.E100K,ADAMDEC1:ENST00000256412.8:exon6:c.G535A:p.E179K	8:24397364:G:A
Pt54_pre	8:54738995:G:A	0.904866666666667	0.163369333333333	Pt54	exonic	RP1	nonsynonymous SNV	RP1:ENST00000637698.1:exon18:c.G2873A:p.G958E,RP1:ENST00000636932.1:exon19:c.G2774A:p.G925E	8:54738995:G:A
Pt54_pre	8:68087773:G:A	0.921746666666667	0.473666666666667	Pt54	exonic	PREX2	nonsynonymous SNV	PREX2:ENST00000288368.4:exon19:c.G2077A:p.G693R	8:68087773:G:A
Pt49_pre	8:76851176:C:T	0.907706666666667	0.215586	Pt49	exonic	ZFHX4	nonsynonymous SNV	ZFHX4:ENST00000518282.5:exon9:c.C4177T:p.H1393Y,ZFHX4:ENST00000521891.6:exon10:c.C4255T:p.H1419Y	8:76851176:C:T
Pt54_pre	X:126820717:G:A	0.94018	0.200354	Pt54	exonic	PRR32	nonsynonymous SNV	PRR32:ENST00000371125.3:exon2:c.G79A:p.E27K	X:126820717:G:A
Pt54_pre	X:41559789:G:A	0.967473333333333	0.0890306666666667	Pt54	exonic	CASK	nonsynonymous SNV	CASK:ENST00000421587.6:exon17:c.C1709T:p.S570L,CASK:ENST00000378154.1:exon18:c.C1727T:p.S576L,CASK:ENST00000378158.5:exon18:c.C1727T:p.S576L,CASK:ENST00000378163.5:exon18:c.C1727T:p.S576L,CASK:ENST00000378166.8:exon18:c.C1727T:p.S576L,CASK:ENST00000442742.6:exon18:c.C1727T:p.S576L	X:41559789:G:A
